frame,t_camera
0,1787916924.916595459
1,1787916925.154240608
2,1787916925.184473515
3,1787916925.217220306
4,1787916925.250772715
5,1787916925.280727386
6,1787916925.313397646
7,1787916925.344897509
8,1787916925.379436731
9,1787916925.425750494
10,1787916925.456153870
11,1787916925.489107132
12,1787916925.523523092
13,1787916925.558581591
14,1787916925.587126255
15,1787916925.617988110
16,1787916925.651000023
17,1787916925.681419611
18,1787916925.713334322
19,1787916925.743620634
20,1787916925.777556658
21,1787916925.810502768
22,1787916925.842128277
23,1787916925.873576880
24,1787916925.903569221
25,1787916925.938496113
26,1787916925.969635248
27,1787916926.005005360
28,1787916926.048844337
29,1787916926.079929352
30,1787916926.118304014
31,1787916926.148741961
32,1787916926.176621675
33,1787916926.210419178
34,1787916926.241537333
35,1787916926.272555113
36,1787916926.307554960
37,1787916926.339897156
38,1787916926.372567177
39,1787916926.403535843
40,1787916926.432215214
41,1787916926.465687990
42,1787916926.500929356
43,1787916926.531029224
44,1787916926.560758352
45,1787916926.592459917
46,1787916926.627704382
47,1787916926.660701275
48,1787916926.709598780
49,1787916926.739387751
50,1787916926.771762133
51,1787916926.803125858
52,1787916926.835710287
53,1787916926.867697716
54,1787916926.899784803
55,1787916926.928751707
56,1787916926.961756945
57,1787916926.993338823
58,1787916927.025316238
59,1787916927.060674667
60,1787916927.089265108
61,1787916927.121252060
62,1787916927.153251648
63,1787916927.185469151
64,1787916927.218438148
65,1787916927.249438286
66,1787916927.283347607
67,1787916927.329832792
68,1787916927.360344887
69,1787916927.393269539
70,1787916927.423704863
71,1787916927.457782269
72,1787916927.489320040
73,1787916927.522078276
74,1787916927.555775404
75,1787916927.585854530
76,1787916927.618737698
77,1787916927.651480436
78,1787916927.680909395
79,1787916927.713912249
80,1787916927.745906353
81,1787916927.779032469
82,1787916927.810640574
83,1787916927.842322588
84,1787916927.876788378
85,1787916927.906768322
86,1787916927.937748194
87,1787916927.985355377
88,1787916928.020355701
89,1787916928.051345825
90,1787916928.084283352
91,1787916928.116092920
92,1787916928.149099588
93,1787916928.178948641
94,1787916928.209768534
95,1787916928.244620323
96,1787916928.279504061
97,1787916928.305535316
98,1787916928.339106083
99,1787916928.373137474
100,1787916928.403754950
101,1787916928.435665131
102,1787916928.464743376
103,1787916928.496836662
104,1787916928.531762362
105,1787916928.563793898
106,1787916928.595807791
107,1787916928.644553661
108,1787916928.677567959
109,1787916928.706059456
110,1787916928.736363888
111,1787916928.771422625
112,1787916928.805028200
113,1787916928.837990761
114,1787916928.867928982
115,1787916928.898777485
116,1787916928.932809830
117,1787916928.963714361
118,1787916928.995994329
119,1787916929.028786898
120,1787916929.061820984
121,1787916929.093182802
122,1787916929.125361204
123,1787916929.154313564
124,1787916929.189134121
125,1787916929.220569849
126,1787916929.269871950
127,1787916929.298447609
128,1787916929.327876806
129,1787916929.360522032
130,1787916929.393905401
131,1787916929.427950144
132,1787916929.458036184
133,1787916929.488673687
134,1787916929.523671865
135,1787916929.556728601
136,1787916929.585473061
137,1787916929.620490551
138,1787916929.652474165
139,1787916929.686301708
140,1787916929.713276863
141,1787916929.750288486
142,1787916929.781345129
143,1787916929.813191652
144,1787916929.841482401
145,1787916929.877165318
146,1787916929.924707413
147,1787916929.956149578
148,1787916929.984432697
149,1787916930.019675493
150,1787916930.050397396
151,1787916930.083720207
152,1787916930.114144325
153,1787916930.147528410
154,1787916930.178628445
155,1787916930.210252762
156,1787916930.241389990
157,1787916930.276569366
158,1787916930.307710409
159,1787916930.340664387
160,1787916930.371638775
161,1787916930.403180361
162,1787916930.434251070
163,1787916930.467183590
164,1787916930.500851154
165,1787916930.545477152
166,1787916930.577383518
167,1787916930.611555099
168,1787916930.640764236
169,1787916930.673486948
170,1787916930.704840660
171,1787916930.737471581
172,1787916930.768939734
173,1787916930.800745249
174,1787916930.833478689
175,1787916930.864387989
176,1787916930.896481037
177,1787916930.928342342
178,1787916930.960361004
179,1787916930.992652178
180,1787916931.024609089
181,1787916931.056473017
182,1787916931.088392496
183,1787916931.120313883
184,1787916931.153469086
185,1787916931.200497150
186,1787916931.232504129
187,1787916931.264463186
188,1787916931.296315670
189,1787916931.328774691
190,1787916931.361390114
191,1787916931.394026041
192,1787916931.425518990
193,1787916931.457380056
194,1787916931.488592148
195,1787916931.524559259
196,1787916931.552536249
197,1787916931.584157705
198,1787916931.618716478
199,1787916931.648565054
200,1787916931.681495190
201,1787916931.713626146
202,1787916931.744248629
203,1787916931.776257753
204,1787916931.824012280
205,1787916931.855846405
206,1787916931.888507366
207,1787916931.920397997
208,1787916931.955043316
209,1787916931.984395742
210,1787916932.015924931
211,1787916932.049757481
212,1787916932.080325127
213,1787916932.115583420
214,1787916932.145580769
215,1787916932.179028273
216,1787916932.209084272
217,1787916932.244161129
218,1787916932.268144369
219,1787916932.314775229
220,1787916932.347233534
221,1787916932.376342773
222,1787916932.406141281
223,1787916932.435582638
224,1787916932.488721371
225,1787916932.524551392
226,1787916932.557114840
227,1787916932.582754850
228,1787916932.619387150
229,1787916932.650974274
230,1787916932.678299904
231,1787916932.711501598
232,1787916932.746239662
233,1787916932.774816275
234,1787916932.809347868
235,1787916932.833507061
236,1787916932.866388083
237,1787916932.901434422
238,1787916932.930256128
239,1787916932.962490320
240,1787916933.002764702
241,1787916933.026660681
242,1787916933.068771839
243,1787916933.104756594
244,1787916933.140357018
245,1787916933.174638033
246,1787916933.210457087
247,1787916933.230100393
248,1787916933.277236223
249,1787916933.307218075
250,1787916933.338179588
251,1787916933.367875338
252,1787916933.398085594
253,1787916933.419277906
254,1787916933.466026783
255,1787916933.500792503
256,1787916933.530408859
257,1787916933.554478168
258,1787916933.589624405
259,1787916933.623769045
260,1787916933.653383970
261,1787916933.681715965
262,1787916933.715625525
263,1787916933.757060528
264,1787916933.790499687
265,1787916933.825108767
266,1787916933.856753111
267,1787916933.888350964
268,1787916933.923030615
269,1787916933.957883596
270,1787916933.987267494
271,1787916934.016846180
272,1787916934.048379898
273,1787916934.080498695
274,1787916934.112025023
275,1787916934.143711805
276,1787916934.175713301
277,1787916934.209235907
278,1787916934.239721537
279,1787916934.273483992
280,1787916934.304603100
281,1787916934.336311579
282,1787916934.384339094
283,1787916934.417745829
284,1787916934.449389219
285,1787916934.480465889
286,1787916934.515016079
287,1787916934.547747612
288,1787916934.579448938
289,1787916934.609205246
290,1787916934.640850067
291,1787916934.673527241
292,1787916934.705292463
293,1787916934.736499310
294,1787916934.768386841
295,1787916934.801547527
296,1787916934.833638668
297,1787916934.864696980
298,1787916934.896489620
299,1787916934.929488897
300,1787916934.960482121
301,1787916934.993481874
302,1787916935.043133497
303,1787916935.073082685
304,1787916935.105907202
305,1787916935.136980534
306,1787916935.168442965
307,1787916935.203243494
308,1787916935.233205080
309,1787916935.269199848
310,1787916935.298795223
311,1787916935.329614162
312,1787916935.364671469
313,1787916935.397059679
314,1787916935.424479961
315,1787916935.459634781
316,1787916935.492312908
317,1787916935.525057077
318,1787916935.554095507
319,1787916935.587644339
320,1787916935.618535519
321,1787916935.668721914
322,1787916935.696639776
323,1787916935.731600523
324,1787916935.763885736
325,1787916935.797309160
326,1787916935.827578068
327,1787916935.859650373
328,1787916935.890349865
329,1787916935.920556784
330,1787916935.955074310
331,1787916935.989706516
332,1787916936.022603989
333,1787916936.054631948
334,1787916936.083647966
335,1787916936.113471508
336,1787916936.148931503
337,1787916936.180259228
338,1787916936.207795382
339,1787916936.242847919
340,1787916936.287598610
341,1787916936.322373390
342,1787916936.399484396
343,1787916936.415999651
344,1787916936.448469877
345,1787916936.482490540
346,1787916936.515580177
347,1787916936.546650648
348,1787916936.579025269
349,1787916936.608607292
350,1787916936.641861439
351,1787916936.677502155
352,1787916936.704046965
353,1787916936.741902113
354,1787916936.771831512
355,1787916936.803907871
356,1787916936.838728905
357,1787916936.867948294
358,1787916936.902586937
359,1787916936.945603371
360,1787916936.976475477
361,1787916937.029102564
362,1787916937.040343761
363,1787916937.072467566
364,1787916937.109068632
365,1787916937.137376547
366,1787916937.171255827
367,1787916937.201022625
368,1787916937.233703852
369,1787916937.263588428
370,1787916937.297937632
371,1787916937.329413891
