frame,cube_area,finger_dist
1,45013,573.4
2,45062,572.0
3,45190,575.5
4,45328,579.4
5,45460,575.2
6,45521,573.5
7,45762,573.9
8,46053,572.6
9,46221,576.9
10,46526,579.5
11,46778,577.7
12,47196,583.1
13,47420,582.5
14,47782,577.8
15,48033,577.9
16,48501,571.9
17,49144,574.3
18,49766,577.4
19,50554,585.7
20,51346,576.8
21,52224,585.3
22,53114,581.6
23,53900,590.2
24,54750,582.1
25,55732,581.2
26,56843,585.5
27,58013,580.0
28,59453,578.3
29,60728,588.8
30,62199,588.5
31,63473,590.9
32,64930,596.5
33,65960,596.6
34,67225,589.7
35,68310,588.4
36,69492,587.2
37,70723,582.7
38,71368,586.8
39,71701,582.9
40,71830,581.4
41,72016,583.4
42,72158,578.9
43,72256,564.6
44,72820,560.7
45,73308,548.9
46,73633,540.1
47,74038,517.6
48,74583,476.5
49,75840,391.8
50,79169,353.1
51,80774,337.2
52,81980,319.7
53,82252,312.2
54,82661,306.7
55,83598,312.5
56,84772,304.6
57,85474,294.9
58,86052,305.2
59,86412,300.3
60,86664,305.2
61,87205,301.6
62,87524,308.7
63,87683,313.5
64,88030,322.8
65,87961,317.3
66,87403,318.6
67,86839,315.1
68,86170,313.8
69,85824,310.5
70,85228,291.9
71,84281,300.1
72,84130,292.0
73,84585,290.9
