t,accel,v_raw,drift_line,v_detrend,finger_dist,cube_area
0.0,0.0703446205925788,0.0,0.0,0.0,61.5,35612.0
0.03333333333333333,0.09619939859004858,0.00277573365304379,-0.01679885958356506,0.019574593236608852,59.7,35638.0
0.06666666666666667,0.1220541765875156,0.006413293239336527,-0.03359771916713012,0.04001101240646665,54.1,35604.0
0.1,0.07119013552044856,0.009634031774469264,-0.050396578750695184,0.06003061052516445,55.3,35487.0
0.13333333333333333,0.01128260997128673,0.011008577532664852,-0.06719543833426024,0.07820401586692509,56.9,35439.0
0.16666666666666666,-0.04862491557788148,0.01038620577255494,-0.0839942979178253,0.09438050369038023,54.5,35384.0
0.2,-0.04637853440269969,0.008802814939545251,-0.10079315750139037,0.10959597244093562,54.6,35312.0
0.23333333333333334,-0.005436929713202698,0.00793922387094688,-0.11759201708495542,0.1255312409559023,56.4,35236.0
0.26666666666666666,0.03550467497628994,0.008440352958665,-0.13439087666852048,0.14283122962718547,54.4,35120.0
0.3,0.023170293077461903,0.009418269092894197,-0.15118973625208554,0.16060800534497974,56.9,35110.0
0.3333333333333333,-0.02864078560072155,0.009327094217506536,-0.1679885958356506,0.17731569005315714,54.9,35096.0
0.36666666666666664,-0.08045186427891052,0.007508883386179336,-0.18478745541921565,0.19229633880539498,54.9,35024.0
0.4,-0.12292874390531472,0.00411920658310891,-0.20158631500278074,0.20570552158588964,52.6,34996.0
0.43333333333333335,-0.11399508641314311,0.00017047607780128118,-0.2183851745863458,0.21855565066414706,50.5,35006.0
0.4666666666666667,-0.10484941805038987,-0.003476932329924268,-0.23518403416991085,0.23170710183998658,50.4,35036.0
0.5,-0.07221917572282341,-0.006428075559477822,-0.2519828937534759,0.24555481819399805,51.0,35118.0
0.5333333333333333,-0.03958893339525693,-0.008291544044779161,-0.26878175333704096,0.2604902092922618,52.8,35102.0
0.5666666666666667,-0.006958691067693951,-0.009067337785828342,-0.28558061292060605,0.2765132751347777,51.1,35128.0
0.6,0.003885064190429662,-0.009118564900449414,-0.3023794725041711,0.29326090760372164,53.2,35163.0
0.6333333333333333,0.002075911123333747,-0.00901921531188669,-0.31917833208773616,0.31015911677584945,56.5,35230.0
0.6666666666666666,0.0002667580562376393,-0.008980170825560501,-0.3359771916713012,0.32699702084574067,54.4,35294.0
0.7,-0.02768301261671433,-0.009437108401568447,-0.3527760512548663,0.3433389428532978,56.3,35312.0
0.7333333333333333,-0.056032633215502926,-0.010832369165438734,-0.3695749108384313,0.3587425416729926,59.4,35342.0
0.7666666666666667,-0.0843822538142885,-0.013172617282601932,-0.3863737704219964,0.37320115313939445,55.3,35388.0
0.8,-0.08432515280013639,-0.015984407392842348,-0.40317263000556147,0.3871882226127191,55.3,35410.0
0.8333333333333334,-0.06577367447182113,-0.018486054514041637,-0.4199714895891265,0.4014854350750849,55.5,35424.0
0.8666666666666667,-0.0472221961435039,-0.020369319024297054,-0.4367703491726916,0.4164010301483945,54.4,35419.0
0.9,-0.023792773776371415,-0.021552901856294975,-0.4535692087562566,0.4320163068999616,47.7,35398.0
0.9333333333333333,0.0043753019334091675,-0.021876526387011014,-0.4703680683398217,0.4484915419528107,48.8,35338.0
0.9666666666666667,0.032543377643186745,-0.021261215060734414,-0.48716692792338673,0.4659057128626523,51.0,35279.0
1.0,0.04474108934409987,-0.019973140610946304,-0.5039657875069518,0.48399264689600546,51.4,35259.0
1.0333333333333334,-0.07746925099284227,-0.02051860997175868,-0.5207646470905168,0.5002460371187581,51.1,35246.0
1.0666666666666667,-0.19967959132977137,-0.025137757343802226,-0.5375635066740819,0.5124257493302797,48.2,35244.0
1.1,-0.20885075095541922,-0.03194659638188876,-0.554362366257647,0.5224157698757582,47.6,35200.0
1.1333333333333333,-0.11339701122427509,-0.03731739241821698,-0.5711612258412121,0.5338438334229951,47.3,35200.0
1.1666666666666667,-0.017943271493120777,-0.039506397130173586,-0.5879600854247771,0.5484536882946035,50.1,35204.0
1.2,0.07751046823802338,-0.03851361051775855,-0.6047589450083422,0.5662453344905836,50.1,35218.0
1.2333333333333334,0.11726615178811951,-0.03526733351732282,-0.6215578045919072,0.5862904710745844,47.5,35224.0
1.2666666666666666,0.1277276590071019,-0.03118410333740248,-0.6383566641754723,0.6071725608380698,42.4,35231.0
1.3,0.14494737521858692,-0.026639519433640985,-0.6551555237590373,0.6285160043253963,39.2,35192.0
1.3333333333333333,0.16361218384731402,-0.02149686011587599,-0.6719543833426024,0.6504575232267263,42.9,35166.0
1.3666666666666667,0.18227699247604315,-0.015732040510486683,-0.6887532429261675,0.6730212024156808,43.5,35121.0
1.4,0.2343751912098379,-0.008787837449055357,-0.7055521025097325,0.6967642650606772,41.7,35080.0
1.4333333333333333,0.3978026084920019,0.0017484592126420073,-0.7223509620932976,0.7240994213059396,45.3,35043.0
1.4666666666666666,0.5612300257741484,0.01773233645041112,-0.7391498216768626,0.7568821581272738,39.7,35017.0
1.5,0.6448576108700793,0.03783379706114831,-0.7559486812604277,0.793782478321576,43.6,35000.0
1.5333333333333334,0.6405762693708015,0.059257695065163055,-0.7727475408439928,0.8320052359091559,45.4,35008.0
1.5666666666666667,0.6362949278715242,0.08053888168586841,-0.7895464004275579,0.8700852821134263,47.2,35010.0
1.6,0.6422633146640678,0.10184818572812834,-0.8063452600111229,0.9081934457392513,46.3,35053.0
1.6333333333333333,0.7238458076411294,0.12461667109988155,-0.8231441195946879,0.9477607906945694,46.4,35057.0
1.6666666666666667,0.8054283006181995,0.15010457290420376,-0.839942979178253,0.9900475520824568,47.5,34979.0
1.7,0.8198549296535875,0.1771926267420668,-0.8567418387618181,1.033934465503885,44.8,34868.0
1.7333333333333334,0.5358023348616765,0.19978691448398792,-0.8735406983453832,1.0733276128293712,50.0,34716.0
1.7666666666666666,0.25174974006979567,0.2129127823995124,-0.8903395579289481,1.1032523403284604,55.1,34636.0
1.8,-0.03230285472211536,0.2165702304886404,-0.9071384175125132,1.1237086480011536,56.6,34476.0
1.8333333333333333,-0.3005037194215825,0.21102345425291213,-0.9239372770960783,1.1349607313489904,58.3,34414.0
1.8666666666666667,-0.5577709193703746,0.1967188769397128,-0.9407361366796434,1.1374550136193562,67.6,34375.0
1.9,-0.867045571893298,0.17297193541865166,-0.9575349962632085,1.1305069316818601,72.0,34399.0
1.9333333333333333,-1.1889674528951863,0.1387050516721768,-0.9743338558467735,1.1130389075189502,79.6,34402.0
1.9666666666666666,-1.5108893338970404,0.0937074385589732,-0.9911327154303385,1.0848401539893118,85.0,34374.0
2.0,-1.605909008485586,0.041760799519262606,-1.0079315750139035,1.049692374533166,99.6,34440.0
2.033333333333333,-1.5120884383731596,-0.010205824595049637,-1.0247304345974686,1.014524610002419,102.3,34425.0
2.066666666666667,-1.4182678682607235,-0.0590450963722815,-1.0415292941810337,0.9824841978087522,112.9,34532.0
2.1,-1.4554587619385924,-0.10694054020893659,-1.0583281537645988,0.9513876135556621,120.2,34654.0
2.1333333333333333,-1.6072023692634132,-0.1579848923956365,-1.0751270133481639,0.9171421209525273,123.6,34830.0
2.1666666666666665,-1.7589459765882502,-0.21408736482649737,-1.091925872931729,0.8778385081052316,137.7,35056.0
2.2,-1.910689583913071,-0.27524795750152,-1.108724732515294,0.833476775013774,159.5,35354.0
2.2333333333333334,-1.7903315757266467,-0.3369316434955151,-1.125523592098859,0.788591948603344,176.1,35728.0
2.2666666666666666,-1.6408599267440445,-0.39411816853669307,-1.1423224516824242,0.7482042831457312,205.6,36233.0
2.3,-1.4913882777614265,-0.44632230527845074,-1.159121311265989,0.7127990059875383,227.9,36871.0
2.3333333333333335,-1.384497930511156,-0.4942537420829943,-1.1759201708495541,0.6816664287665599,249.0,37591.0
2.3666666666666667,-1.3021250947744882,-0.5390307925044215,-1.1927190304331192,0.6536882379286977,266.0,38411.0
2.4,-1.2197522590378296,-0.5810620817346267,-1.2095178900166843,0.6284558082820576,284.4,39414.0
2.433333333333333,-1.1704878951040176,-0.6208994176369906,-1.2263167496002494,0.6054173319632588,295.2,40396.0
2.466666666666667,-1.137610504888252,-0.6593677243035289,-1.2431156091838145,0.5837478848802856,296.9,41280.0
2.5,-1.1091706283982055,-0.6968140765249697,-1.2599144687673796,0.5631003922424098,298.7,42825.0
2.533333333333333,-1.171873177430744,-0.7348314732887854,-1.2767133283509446,0.5418818550621592,293.7,43552.0
2.566666666666667,-1.2345757264632895,-0.774938955020353,-1.2935121879345097,0.5185732329141567,288.8,44284.0
2.6,-1.297278275495835,-0.8171365217196717,-1.3103110475180746,0.49317452579840293,302.9,45622.0
2.6333333333333333,-1.3017239732067651,-0.8604532258647148,-1.3271099071016397,0.46665668123692483,298.4,46154.0
2.6666666666666665,-1.2793965309927433,-0.9034719009347065,-1.3439087666852048,0.44043686575049823,295.5,46683.0
2.7,-1.2455124700703597,-0.945553717619092,-1.3607076262687698,0.4151539086496778,265.9,44809.0
2.7333333333333334,-1.2017749003217586,-0.9863418404589606,-1.377506485852335,0.39116464539337437,233.8,42948.0
2.7666666666666666,-1.1580373305731622,-1.0256720443072092,-1.3943053454359,0.36863330112869086,210.5,43320.0
2.8,-1.1175400500565564,-1.063598333984371,-1.411104205019465,0.347505871035094,216.8,43262.0
2.8333333333333335,-1.1658396323057505,-1.1016546620237433,-1.4279030646030302,0.3262484025792869,213.4,43277.0
2.8666666666666667,-1.2141392145549499,-1.1413209761380883,-1.4447019241865953,0.303380948048507,216.6,43336.0
2.9,-1.2443898438432668,-1.182296460444725,-1.4615007837701601,0.2792043233254351,213.1,43892.0
2.933333333333333,-1.2531686303601213,-1.2239224350147813,-1.4782996433537252,0.25437720833894395,218.5,44718.0
2.966666666666667,-1.2619474168769755,-1.2658410358020666,-1.4950985029372903,0.22925746713522366,217.9,44757.0
3.0,-1.2707262033938291,-1.3080522628065798,-1.5118973625208554,0.20384509971427556,221.3,44316.0
3.033333333333333,-1.2332122992902923,-1.3497845711846483,-1.5286962221044205,0.17891165091977212,217.0,43844.0
3.066666666666667,-1.1693442689372702,-1.3898271806551081,-1.5454950816879856,0.15566790103287742,220.2,43826.0
3.1,-1.1054762385842483,-1.4277408557804667,-1.5622939412715506,0.1345530854910839,212.5,43646.0
3.1333333333333333,-1.0557619535961513,-1.4637614923168065,-1.5790928008551157,0.1153313085383092,219.4,43886.0
3.1666666666666665,-1.0083085149346385,-1.4981626667923196,-1.5958916604386808,0.09772899364636123,225.8,43680.0
3.2,-0.9608550762731307,-1.530982059979116,-1.6126905200222459,0.08170846004312993,218.5,43022.0
3.2333333333333334,-0.9398486584453756,-1.5626604555577577,-1.6294893796058108,0.06682892404805307,220.9,42758.0
3.2666666666666666,-0.9421840143477901,-1.594027666770977,-1.6462882391893758,0.052260572418398876,219.9,42766.0
3.3,-0.9809215602249498,-1.6260794263471892,-1.663087098772941,0.03700767242575176,220.1,43125.0
3.3333333333333335,-1.0590808738932254,-1.6600794669158256,-1.679885958356506,0.019806491440680363,216.6,43481.0
3.3666666666666667,-1.1372401875615095,-1.696684817940071,-1.696684817940071,0.0,215.4,43630.0
