imu_index,t_imu,ax,ay,az,mag
0,1788017012.145683,0.003005514705882887,-0.0009861845128678393,0.009908806295955856,0.010401448012246808
1,1788017012.165683,-0.0017845243566171132,0.003803854549632161,0.0003287281709558557,0.004214486780676503
2,1788017012.2055485,0.003005514705882887,-0.0009861845128678393,0.009908806295955856,0.010401448012246808
3,1788017012.2255485,-0.0017845243566171132,-0.0009861845128678393,0.005118767233455856,0.005509887935619146
4,1788017012.2361653,-0.006574563419117114,-0.0009861845128678393,0.005118767233455856,0.008390424425243017
5,1788017012.2561653,-0.0017845243566171132,-0.0009861845128678393,0.005118767233455856,0.005509887935619146
6,1788017012.2658434,-0.006574563419117114,0.008593893612132161,0.0003287281709558557,0.01082533850644029
7,1788017012.2858434,0.003005514705882887,0.003803854549632161,0.009908806295955856,0.0110311771943347
8,1788017012.325033,-0.006574563419117114,-0.0009861845128678393,0.005118767233455856,0.008390424425243017
9,1788017012.345033,0.003005514705882887,0.003803854549632161,0.009908806295955856,0.0110311771943347
10,1788017012.3553073,-0.0017845243566171132,-0.0009861845128678393,0.005118767233455856,0.005509887935619146
11,1788017012.3753073,0.003005514705882887,-0.0009861845128678393,0.009908806295955856,0.010401448012246808
12,1788017012.4155343,-0.0017845243566171132,-0.0009861845128678393,0.005118767233455856,0.005509887935619146
13,1788017012.4355342,0.003005514705882887,-0.0009861845128678393,0.005118767233455856,0.006017263209383481
14,1788017012.453695,0.003005514705882887,0.003803854549632161,0.009908806295955856,0.0110311771943347
15,1788017012.473695,-0.006574563419117114,0.003803854549632161,0.009908806295955856,0.01248513659506874
16,1788017012.4781451,-0.0017845243566171132,0.003803854549632161,0.005118767233455856,0.006622357178861492
17,1788017012.498145,-0.0017845243566171132,-0.0009861845128678393,0.009908806295955856,0.010116399027497606
18,1788017012.5363402,-0.0017845243566171132,0.003803854549632161,0.005118767233455856,0.006622357178861492
19,1788017012.5563402,-0.006574563419117114,0.003803854549632161,0.005118767233455856,0.00915947441598324
20,1788017012.565864,-0.006574563419117114,-0.0009861845128678393,0.009908806295955856,0.011932388120413605
21,1788017012.585864,-0.006574563419117114,0.003803854549632161,0.009908806295955856,0.01248513659506874
22,1788017012.595964,-0.0017845243566171132,-0.0009861845128678393,0.005118767233455856,0.005509887935619146
23,1788017012.615964,-0.0017845243566171132,-0.0009861845128678393,0.009908806295955856,0.010116399027497606
24,1788017012.6555822,-0.0017845243566171132,0.003803854549632161,0.009908806295955856,0.010762819278650526
25,1788017012.6755822,0.003005514705882887,0.003803854549632161,0.009908806295955856,0.0110311771943347
26,1788017012.6853168,-0.0017845243566171132,-0.0009861845128678393,0.005118767233455856,0.005509887935619146
27,1788017012.7053168,-0.0017845243566171132,0.003803854549632161,0.005118767233455856,0.006622357178861492
28,1788017012.7155392,-0.0017845243566171132,0.008593893612132161,0.009908806295955856,0.013237219375940709
29,1788017012.7355392,-0.006574563419117114,-0.0009861845128678393,0.005118767233455856,0.008390424425243017
30,1788017012.777149,-0.006574563419117114,0.003803854549632161,0.005118767233455856,0.00915947441598324
31,1788017012.797149,-0.006574563419117114,-0.0009861845128678393,0.005118767233455856,0.008390424425243017
32,1788017012.806183,-0.0017845243566171132,-0.0009861845128678393,0.005118767233455856,0.005509887935619146
33,1788017012.826183,-0.0017845243566171132,0.003803854549632161,0.005118767233455856,0.006622357178861492
34,1788017012.835695,-0.0017845243566171132,-0.0009861845128678393,0.009908806295955856,0.010116399027497606
35,1788017012.855695,-0.006574563419117114,-0.0009861845128678393,0.005118767233455856,0.008390424425243017
36,1788017012.8959603,0.003005514705882887,-0.00577622357536784,0.009908806295955856,0.011856741527531413
37,1788017012.9159603,0.003005514705882887,-0.0009861845128678393,0.005118767233455856,0.006017263209383481
38,1788017012.9262867,0.003005514705882887,0.003803854549632161,0.005118767233455856,0.0070501209969997605
39,1788017012.9462867,-0.0017845243566171132,-0.0009861845128678393,0.0003287281709558557,0.0020652237852494537
40,1788017012.9573128,0.012585592830882888,-0.0009861845128678393,0.0003287281709558557,0.012628450776265912
41,1788017012.9773128,0.007795553768382887,-0.0009861845128678393,0.009908806295955856,0.012646250853906997
42,1788017013.0160668,-0.016154641544117113,-0.0009861845128678393,0.009908806295955856,0.018977076843473797
43,1788017013.0360668,-0.0017845243566171132,0.003803854549632161,0.005118767233455856,0.006622357178861492
44,1788017013.0456884,-0.006574563419117114,-0.0009861845128678393,0.005118767233455856,0.008390424425243017
45,1788017013.0656884,-0.0017845243566171132,-0.00577622357536784,0.009908806295955856,0.01160748586829936
46,1788017013.075345,-0.011364602481617114,0.003803854549632161,0.0003287281709558557,0.011988809832936511
47,1788017013.095345,-0.006574563419117114,-0.0009861845128678393,0.005118767233455856,0.008390424425243017
48,1788017013.1370537,0.007795553768382887,0.003803854549632161,0.0003287281709558557,0.008680324314268788
49,1788017013.1570537,-0.0017845243566171132,0.003803854549632161,0.005118767233455856,0.006622357178861492
50,1788017013.166209,-0.006574563419117114,-0.0009861845128678393,0.005118767233455856,0.008390424425243017
51,1788017013.186209,-0.011364602481617114,0.003803854549632161,0.005118767233455856,0.01303170276634011
52,1788017013.1962383,-0.0017845243566171132,-0.00577622357536784,0.014698845358455856,0.015893562874440527
53,1788017013.2162383,0.003005514705882887,0.003803854549632161,0.005118767233455856,0.0070501209969997605
54,1788017013.2562146,-0.0017845243566171132,0.008593893612132161,0.0003287281709558557,0.008783370469608217
55,1788017013.2762146,-0.0017845243566171132,0.008593893612132161,0.009908806295955856,0.013237219375940709
56,1788017013.3157573,0.007795553768382887,0.008593893612132161,0.009908806295955856,0.015258116141357983
57,1788017013.3357573,0.003005514705882887,-0.0009861845128678393,0.009908806295955856,0.010401448012246808
58,1788017013.3172596,-0.006574563419117114,-0.0009861845128678393,0.009908806295955856,0.011932388120413605
59,1788017013.3372595,-0.011364602481617114,-0.0009861845128678393,0.0003287281709558557,0.011412046778250527
60,1788017013.376044,-0.0017845243566171132,-0.00577622357536784,0.014698845358455856,0.015893562874440527
61,1788017013.396044,0.007795553768382887,0.003803854549632161,0.009908806295955856,0.013169070210203922
62,1788017013.4081924,0.003005514705882887,0.003803854549632161,0.0003287281709558557,0.004859062696901077
63,1788017013.4281924,0.007795553768382887,0.008593893612132161,0.005118767233455856,0.012681776057110293
64,1788017013.4369192,0.003005514705882887,0.008593893612132161,0.0003287281709558557,0.009110224381117308
65,1788017013.4569192,0.007795553768382887,0.003803854549632161,0.009908806295955856,0.013169070210203922
66,1788017013.4956322,-0.0017845243566171132,-0.00577622357536784,0.0003287281709558557,0.006054531210785434
67,1788017013.5156322,-0.011364602481617114,-0.0009861845128678393,0.009908806295955856,0.01510996994270249
68,1788017013.5263414,-0.006574563419117114,-0.0009861845128678393,0.014698845358455856,0.016132374249229794
69,1788017013.5463414,0.003005514705882887,-0.0009861845128678393,0.009908806295955856,0.010401448012246808
70,1788017013.5616274,0.003005514705882887,-0.0009861845128678393,0.005118767233455856,0.006017263209383481
71,1788017013.5816274,-0.0017845243566171132,0.003803854549632161,0.005118767233455856,0.006622357178861492
72,1788017013.616012,0.003005514705882887,0.003803854549632161,0.005118767233455856,0.0070501209969997605
73,1788017013.636012,-0.0017845243566171132,-0.0009861845128678393,0.005118767233455856,0.005509887935619146
74,1788017013.6462166,-0.0017845243566171132,-0.0009861845128678393,0.005118767233455856,0.005509887935619146
75,1788017013.6662166,-0.011364602481617114,-0.0009861845128678393,0.005118767233455856,0.01250314070339527
76,1788017013.675146,-0.006574563419117114,-0.0009861845128678393,0.009908806295955856,0.011932388120413605
77,1788017013.695146,0.003005514705882887,0.003803854549632161,0.009908806295955856,0.0110311771943347
78,1788017013.7355607,0.007795553768382887,-0.0009861845128678393,0.014698845358455856,0.016667311520487286
79,1788017013.7555606,-0.0017845243566171132,-0.0009861845128678393,0.009908806295955856,0.010116399027497606
80,1788017013.7652478,-0.0017845243566171132,0.008593893612132161,0.005118767233455856,0.010160773227776861
81,1788017013.7852478,0.007795553768382887,0.003803854549632161,0.009908806295955856,0.013169070210203922
82,1788017013.825567,0.007795553768382887,-0.0009861845128678393,0.009908806295955856,0.012646250853906997
83,1788017013.845567,-0.0017845243566171132,0.003803854549632161,0.009908806295955856,0.010762819278650526
84,1788017013.8554492,-0.006574563419117114,-0.0009861845128678393,0.009908806295955856,0.011932388120413605
85,1788017013.8754492,-0.0017845243566171132,0.003803854549632161,0.009908806295955856,0.010762819278650526
86,1788017013.8856885,-0.0017845243566171132,0.003803854549632161,0.005118767233455856,0.006622357178861492
87,1788017013.9056885,-0.0017845243566171132,0.003803854549632161,0.005118767233455856,0.006622357178861492
88,1788017013.9469275,-0.0017845243566171132,0.008593893612132161,0.005118767233455856,0.010160773227776861
89,1788017013.9669275,0.003005514705882887,-0.0009861845128678393,0.009908806295955856,0.010401448012246808
90,1788017013.9769802,-0.0017845243566171132,0.003803854549632161,0.009908806295955856,0.010762819278650526
91,1788017013.9969802,-0.0017845243566171132,-0.0009861845128678393,0.005118767233455856,0.005509887935619146
92,1788017014.005622,-0.0017845243566171132,-0.0009861845128678393,0.009908806295955856,0.010116399027497606
93,1788017014.025622,0.007795553768382887,-0.0009861845128678393,0.009908806295955856,0.012646250853906997
94,1788017014.0668786,0.003005514705882887,0.003803854549632161,0.009908806295955856,0.0110311771943347
95,1788017014.0868785,-0.0017845243566171132,0.003803854549632161,0.009908806295955856,0.010762819278650526
96,1788017014.098023,-0.0017845243566171132,0.008593893612132161,0.005118767233455856,0.010160773227776861
97,1788017014.118023,-0.006574563419117114,0.008593893612132161,0.005118767233455856,0.011970032145275976
98,1788017014.1270673,-0.011364602481617114,0.008593893612132161,-0.0044613108915441445,0.014930254246088185
99,1788017014.1470673,-0.011364602481617114,0.003803854549632161,0.005118767233455856,0.01303170276634011
100,1788017014.1852973,0.003005514705882887,0.003803854549632161,0.009908806295955856,0.0110311771943347
101,1788017014.2052972,0.003005514705882887,-0.0009861845128678393,0.009908806295955856,0.010401448012246808
102,1788017014.215895,-0.016154641544117113,-0.00577622357536784,0.005118767233455856,0.01790360243643304
103,1788017014.235895,-0.0017845243566171132,-0.00577622357536784,0.005118767233455856,0.007921556915297414
104,1788017014.245489,0.02695571001838289,-0.00577622357536784,0.019488884420955855,0.03376080089928494
105,1788017014.2654889,0.03174574908088289,-0.01056626263786784,0.029068962545955857,0.04432203824664388
106,1788017014.30531,0.017375631893382888,0.022964010799632163,-0.03320154526654415,0.04394998275069453
107,1788017014.32531,-0.040104836856617115,-0.01056626263786784,0.014698845358455856,0.044001135216038184
108,1788017014.3351223,-0.030524758731617113,0.003803854549632161,-0.009251349954044145,0.03212191901226303
109,1788017014.3551223,-0.035314797794117114,0.008593893612132161,-0.03320154526654415,0.0492273557967763
110,1788017014.366393,0.007795553768382887,-0.04409653607536784,0.04822911879595586,0.06581278790809875
111,1788017014.386393,0.04132582720588289,0.013383932674632162,-0.009251349954044145,0.044413298954950074
112,1788017014.425738,-0.040104836856617115,0.003803854549632161,-0.009251349954044145,0.041333457691110534
113,1788017014.445738,-0.035314797794117114,-0.01535630170036784,0.019488884420955855,0.0431597910227271
114,1788017014.4558406,0.003005514705882887,0.027754049862132164,-0.03799158432904415,0.04714531665211158
115,1788017014.4758406,-0.011364602481617114,-0.02014634076286784,0.024278923483455856,0.033533496107836305
116,1788017014.4850721,0.007795553768382887,-0.01535630170036784,0.033859001608455855,0.037987085310535275
117,1788017014.505072,0.012585592830882888,0.01817397173713216,-0.018831428079044147,0.02903985328997138
118,1788017014.5452826,-0.025734719669117116,-0.02014634076286784,0.033859001608455855,0.047059354357056896
119,1788017014.5652826,-0.006574563419117114,0.008593893612132161,-0.014041389016544146,0.017726829865561566
120,1788017014.5750453,0.003005514705882887,0.008593893612132161,-0.014041389016544146,0.01673465660173076
121,1788017014.5950453,-0.020944680606617114,-0.02972641888786784,0.038649040670955856,0.05306682551646921
122,1788017014.6078193,0.007795553768382887,0.01817397173713216,-0.028411506204044146,0.034616146406558114
123,1788017014.6278193,-0.006574563419117114,-0.0009861845128678393,0.009908806295955856,0.011932388120413605
124,1788017014.6663437,-0.025734719669117116,-0.01056626263786784,0.019488884420955855,0.03396672369472541
125,1788017014.6863437,0.003005514705882887,0.01817397173713216,-0.023621467141544145,0.029954967489022693
126,1788017014.6956458,-0.006574563419117114,-0.02014634076286784,0.033859001608455855,0.03994410995637529
127,1788017014.7156458,-0.016154641544117113,-0.00577622357536784,0.005118767233455856,0.01790360243643304
128,1788017014.7253,0.012585592830882888,0.008593893612132161,-0.0044613108915441445,0.01587940330089349
129,1788017014.7453,-0.0017845243566171132,-0.01056626263786784,0.014698845358455856,0.018190285544310753
130,1788017014.7857518,-0.006574563419117114,0.008593893612132161,-0.009251349954044145,0.014236128952100408
131,1788017014.8057518,0.003005514705882887,0.003803854549632161,0.0003287281709558557,0.004859062696901077
132,1788017014.815218,-0.011364602481617114,-0.00577622357536784,0.009908806295955856,0.01614631198040554
133,1788017014.835218,-0.0017845243566171132,-0.0009861845128678393,-0.0044613108915441445,0.004905138320556364
134,1788017014.8449645,0.003005514705882887,-0.00577622357536784,0.014698845358455856,0.016076502490022907
135,1788017014.8649645,-0.016154641544117113,-0.0009861845128678393,0.0003287281709558557,0.01618805317271706
136,1788017014.9052534,-0.0017845243566171132,-0.0009861845128678393,0.005118767233455856,0.005509887935619146
137,1788017014.9252534,0.007795553768382887,-0.00577622357536784,0.009908806295955856,0.013867943595182319
138,1788017014.9359798,-0.0017845243566171132,-0.0009861845128678393,0.0003287281709558557,0.0020652237852494537
139,1788017014.9559798,0.003005514705882887,-0.0009861845128678393,0.009908806295955856,0.010401448012246808
140,1788017014.9656508,0.003005514705882887,0.003803854549632161,0.0003287281709558557,0.004859062696901077
141,1788017014.9856508,-0.016154641544117113,-0.0009861845128678393,0.005118767233455856,0.01697488678320525
142,1788017015.0253801,-0.0017845243566171132,-0.00577622357536784,0.005118767233455856,0.007921556915297414
143,1788017015.04538,-0.0017845243566171132,-0.0009861845128678393,0.0003287281709558557,0.0020652237852494537
144,1788017015.0553923,-0.006574563419117114,-0.0009861845128678393,0.014698845358455856,0.016132374249229794
145,1788017015.0753922,-0.0017845243566171132,0.003803854549632161,0.005118767233455856,0.006622357178861492
146,1788017015.0873125,0.003005514705882887,0.003803854549632161,-0.0044613108915441445,0.006588301977979303
147,1788017015.1073124,-0.011364602481617114,-0.00577622357536784,0.009908806295955856,0.01614631198040554
148,1788017015.1460748,-0.0017845243566171132,0.003803854549632161,0.005118767233455856,0.006622357178861492
149,1788017015.1660748,-0.0017845243566171132,-0.00577622357536784,0.005118767233455856,0.007921556915297414
150,1788017015.1757584,-0.0017845243566171132,-0.00577622357536784,0.009908806295955856,0.01160748586829936
151,1788017015.1957583,0.003005514705882887,0.003803854549632161,-0.0044613108915441445,0.006588301977979303
152,1788017015.2378337,-0.006574563419117114,-0.00577622357536784,0.009908806295955856,0.013220215019257537
153,1788017015.2578337,-0.006574563419117114,-0.0009861845128678393,0.009908806295955856,0.011932388120413605
154,1788017015.2659526,0.003005514705882887,0.008593893612132161,0.0003287281709558557,0.009110224381117308
155,1788017015.2859526,0.003005514705882887,-0.0009861845128678393,0.009908806295955856,0.010401448012246808
156,1788017015.294986,-0.006574563419117114,0.008593893612132161,-0.0044613108915441445,0.011703981648979516
157,1788017015.314986,-0.0017845243566171132,0.008593893612132161,0.0003287281709558557,0.008783370469608217
158,1788017015.356042,-0.011364602481617114,-0.0009861845128678393,0.005118767233455856,0.01250314070339527
159,1788017015.376042,-0.006574563419117114,-0.0009861845128678393,0.005118767233455856,0.008390424425243017
160,1788017015.3861673,0.003005514705882887,-0.0009861845128678393,0.005118767233455856,0.006017263209383481
161,1788017015.4061673,-0.006574563419117114,-0.00577622357536784,0.005118767233455856,0.010138610404534216
162,1788017015.4169545,0.003005514705882887,-0.0009861845128678393,0.005118767233455856,0.006017263209383481
163,1788017015.4369545,-0.0017845243566171132,-0.0009861845128678393,0.005118767233455856,0.005509887935619146
164,1788017015.4756727,-0.0017845243566171132,0.003803854549632161,0.005118767233455856,0.006622357178861492
165,1788017015.4956727,0.003005514705882887,0.003803854549632161,0.005118767233455856,0.0070501209969997605
166,1788017015.5058146,-0.0017845243566171132,-0.0009861845128678393,0.0003287281709558557,0.0020652237852494537
167,1788017015.5258145,-0.006574563419117114,0.003803854549632161,-0.0044613108915441445,0.008808943662991642
168,1788017015.534908,-0.006574563419117114,0.003803854549632161,0.005118767233455856,0.00915947441598324
169,1788017015.554908,-0.006574563419117114,-0.0009861845128678393,0.005118767233455856,0.008390424425243017
170,1788017015.5971062,-0.006574563419117114,-0.0009861845128678393,0.005118767233455856,0.008390424425243017
171,1788017015.6171062,-0.006574563419117114,-0.00577622357536784,0.005118767233455856,0.010138610404534216
172,1788017015.6253214,-0.011364602481617114,0.003803854549632161,0.009908806295955856,0.015550174957559467
173,1788017015.6453214,-0.006574563419117114,-0.0009861845128678393,0.009908806295955856,0.011932388120413605
174,1788017015.6553843,-0.006574563419117114,-0.00577622357536784,0.0003287281709558557,0.008757722600939592
175,1788017015.6753843,-0.0017845243566171132,-0.0009861845128678393,0.005118767233455856,0.005509887935619146
176,1788017015.7154286,-0.006574563419117114,-0.0009861845128678393,0.0003287281709558557,0.006656238145964526
177,1788017015.7354286,-0.0017845243566171132,0.003803854549632161,0.0003287281709558557,0.004214486780676503
178,1788017015.7450128,-0.006574563419117114,-0.0009861845128678393,0.0003287281709558557,0.006656238145964526
179,1788017015.7650127,-0.006574563419117114,-0.00577622357536784,0.005118767233455856,0.010138610404534216
180,1788017015.7769241,-0.006574563419117114,0.003803854549632161,0.005118767233455856,0.00915947441598324
181,1788017015.796924,-0.011364602481617114,-0.0009861845128678393,0.005118767233455856,0.01250314070339527
182,1788017015.8353918,-0.006574563419117114,-0.0009861845128678393,0.005118767233455856,0.008390424425243017
183,1788017015.8553917,-0.006574563419117114,-0.0009861845128678393,0.005118767233455856,0.008390424425243017
184,1788017015.866247,-0.006574563419117114,0.003803854549632161,0.005118767233455856,0.00915947441598324
185,1788017015.886247,-0.006574563419117114,-0.0009861845128678393,0.0003287281709558557,0.006656238145964526
186,1788017015.8979976,-0.006574563419117114,0.003803854549632161,0.0003287281709558557,0.0076027794783967125
187,1788017015.9179976,-0.0017845243566171132,0.003803854549632161,0.0003287281709558557,0.004214486780676503
188,1788017015.9558764,-0.006574563419117114,0.003803854549632161,0.0003287281709558557,0.0076027794783967125
189,1788017015.9758763,-0.006574563419117114,-0.00577622357536784,0.009908806295955856,0.013220215019257537
190,1788017015.9860706,-0.011364602481617114,-0.0009861845128678393,0.005118767233455856,0.01250314070339527
191,1788017016.0060706,0.003005514705882887,-0.0009861845128678393,0.005118767233455856,0.006017263209383481
192,1788017016.0171294,-0.0017845243566171132,-0.0009861845128678393,0.0003287281709558557,0.0020652237852494537
193,1788017016.0371294,-0.0017845243566171132,-0.0009861845128678393,0.005118767233455856,0.005509887935619146
194,1788017016.0756664,-0.0017845243566171132,0.003803854549632161,0.005118767233455856,0.006622357178861492
195,1788017016.0956664,0.003005514705882887,-0.00577622357536784,0.005118767233455856,0.008282490895269059
196,1788017016.1059387,-0.0017845243566171132,-0.0009861845128678393,0.005118767233455856,0.005509887935619146
197,1788017016.1259387,-0.0017845243566171132,0.003803854549632161,0.0003287281709558557,0.004214486780676503
198,1788017016.1355934,-0.0017845243566171132,-0.01535630170036784,0.019488884420955855,0.02487603555764977
199,1788017016.1555934,0.007795553768382887,-0.0009861845128678393,0.005118767233455856,0.009377899361769155
200,1788017016.19524,0.003005514705882887,0.003803854549632161,0.0003287281709558557,0.004859062696901077
201,1788017016.21524,-0.016154641544117113,-0.00577622357536784,0.009908806295955856,0.019812159004568994
202,1788017016.225609,-0.006574563419117114,-0.0009861845128678393,0.0003287281709558557,0.006656238145964526
203,1788017016.245609,-0.0017845243566171132,0.003803854549632161,0.005118767233455856,0.006622357178861492
204,1788017016.2548993,-0.011364602481617114,0.003803854549632161,-0.0044613108915441445,0.012787759532887128
205,1788017016.2748992,0.007795553768382887,-0.0009861845128678393,-0.0044613108915441445,0.009035846021274345
206,1788017016.3153965,-0.0017845243566171132,-0.00577622357536784,0.009908806295955856,0.01160748586829936
207,1788017016.3353965,-0.0017845243566171132,0.003803854549632161,0.005118767233455856,0.006622357178861492
208,1788017016.34535,-0.011364602481617114,-0.0009861845128678393,0.0003287281709558557,0.011412046778250527
209,1788017016.36535,-0.020944680606617114,-0.01056626263786784,0.005118767233455856,0.024010983524960117
210,1788017016.375236,-0.020944680606617114,-0.0009861845128678393,0.0003287281709558557,0.020970461793127098
211,1788017016.395236,0.003005514705882887,0.003803854549632161,-0.0044613108915441445,0.006588301977979303
212,1788017016.4357133,-0.0017845243566171132,-0.0009861845128678393,0.005118767233455856,0.005509887935619146
213,1788017016.4557133,-0.006574563419117114,-0.0009861845128678393,0.009908806295955856,0.011932388120413605
214,1788017016.465874,-0.0017845243566171132,-0.0009861845128678393,-0.0044613108915441445,0.004905138320556364
215,1788017016.485874,-0.006574563419117114,-0.0009861845128678393,0.0003287281709558557,0.006656238145964526
216,1788017016.495907,-0.006574563419117114,-0.00577622357536784,0.005118767233455856,0.010138610404534216
217,1788017016.515907,-0.011364602481617114,-0.00577622357536784,0.009908806295955856,0.01614631198040554
218,1788017016.5550754,-0.016154641544117113,-0.0009861845128678393,0.009908806295955856,0.018977076843473797
219,1788017016.5750754,-0.011364602481617114,-0.0009861845128678393,0.0003287281709558557,0.011412046778250527
220,1788017016.5856514,-0.0017845243566171132,0.003803854549632161,0.0003287281709558557,0.004214486780676503
221,1788017016.6056514,-0.011364602481617114,0.003803854549632161,0.0003287281709558557,0.011988809832936511
222,1788017016.6455443,-0.011364602481617114,-0.0009861845128678393,0.005118767233455856,0.01250314070339527
223,1788017016.6655443,-0.011364602481617114,-0.0009861845128678393,0.0003287281709558557,0.011412046778250527
224,1788017016.6760762,-0.006574563419117114,-0.0009861845128678393,0.005118767233455856,0.008390424425243017
225,1788017016.6960762,-0.006574563419117114,0.003803854549632161,0.0003287281709558557,0.0076027794783967125
226,1788017016.7059877,-0.006574563419117114,-0.01056626263786784,0.009908806295955856,0.01590770984444867
227,1788017016.7259877,-0.011364602481617114,-0.00577622357536784,0.0003287281709558557,0.012752529575272236
228,1788017016.7962022,-0.016154641544117113,0.008593893612132161,-0.009251349954044145,0.020504022210477462
229,1788017016.8162022,-0.0017845243566171132,-0.00577622357536784,0.005118767233455856,0.007921556915297414
230,1788017016.7962022,-0.006574563419117114,-0.00577622357536784,-0.0044613108915441445,0.009823081889897821
231,1788017016.8162022,-0.0017845243566171132,0.003803854549632161,0.0003287281709558557,0.004214486780676503
232,1788017016.8255773,-0.011364602481617114,-0.00577622357536784,0.0003287281709558557,0.012752529575272236
233,1788017016.8455772,-0.006574563419117114,-0.0009861845128678393,0.005118767233455856,0.008390424425243017
234,1788017016.8871615,-0.006574563419117114,-0.00577622357536784,0.0003287281709558557,0.008757722600939592
235,1788017016.9071615,-0.011364602481617114,-0.00577622357536784,0.0003287281709558557,0.012752529575272236
236,1788017016.9156883,-0.006574563419117114,-0.0009861845128678393,0.0003287281709558557,0.006656238145964526
237,1788017016.9356883,-0.011364602481617114,0.003803854549632161,0.005118767233455856,0.01303170276634011
238,1788017016.944971,-0.0017845243566171132,-0.0009861845128678393,0.009908806295955856,0.010116399027497606
239,1788017016.964971,-0.006574563419117114,-0.0009861845128678393,0.0003287281709558557,0.006656238145964526
240,1788017017.0051942,-0.006574563419117114,-0.00577622357536784,0.005118767233455856,0.010138610404534216
241,1788017017.0251942,-0.011364602481617114,-0.00577622357536784,0.0003287281709558557,0.012752529575272236
242,1788017017.0370495,-0.006574563419117114,-0.0009861845128678393,-0.0044613108915441445,0.008006293706605053
243,1788017017.0570495,-0.006574563419117114,-0.0009861845128678393,0.0003287281709558557,0.006656238145964526
244,1788017017.0957527,-0.011364602481617114,-0.00577622357536784,0.0003287281709558557,0.012752529575272236
245,1788017017.1157527,-0.0017845243566171132,-0.0009861845128678393,0.009908806295955856,0.010116399027497606
246,1788017017.1254752,-0.006574563419117114,0.003803854549632161,0.005118767233455856,0.00915947441598324
247,1788017017.1454751,-0.016154641544117113,-0.0009861845128678393,0.0003287281709558557,0.01618805317271706
248,1788017017.1556516,-0.011364602481617114,-0.00577622357536784,0.005118767233455856,0.013737566245449534
249,1788017017.1756516,-0.006574563419117114,-0.00577622357536784,0.0003287281709558557,0.008757722600939592
250,1788017017.185426,-0.0017845243566171132,-0.00577622357536784,0.005118767233455856,0.007921556915297414
251,1788017017.205426,-0.011364602481617114,-0.0009861845128678393,-0.009251349954044145,0.01468721299058439
252,1788017017.2471614,-0.016154641544117113,-0.0009861845128678393,-0.0044613108915441445,0.016788338160263074
253,1788017017.2671614,-0.011364602481617114,-0.0009861845128678393,0.0003287281709558557,0.011412046778250527
254,1788017017.2760272,0.003005514705882887,-0.0009861845128678393,0.0003287281709558557,0.00318021080293094
255,1788017017.2960272,-0.011364602481617114,-0.0009861845128678393,0.0003287281709558557,0.011412046778250527
256,1788017017.30686,-0.016154641544117113,-0.0009861845128678393,0.009908806295955856,0.018977076843473797
257,1788017017.32686,-0.006574563419117114,0.003803854549632161,0.0003287281709558557,0.0076027794783967125
258,1788017017.3649433,-0.006574563419117114,-0.0009861845128678393,0.005118767233455856,0.008390424425243017
259,1788017017.3849432,-0.0017845243566171132,-0.0009861845128678393,0.005118767233455856,0.005509887935619146
260,1788017017.3948877,-0.011364602481617114,-0.0009861845128678393,0.005118767233455856,0.01250314070339527
261,1788017017.4148877,-0.006574563419117114,-0.00577622357536784,0.009908806295955856,0.013220215019257537
262,1788017017.4250782,-0.0017845243566171132,-0.0009861845128678393,0.0003287281709558557,0.0020652237852494537
263,1788017017.4450781,-0.0017845243566171132,-0.0009861845128678393,0.005118767233455856,0.005509887935619146
264,1788017017.4858634,-0.011364602481617114,-0.00577622357536784,0.0003287281709558557,0.012752529575272236
265,1788017017.5058634,-0.006574563419117114,0.003803854549632161,-0.0044613108915441445,0.008808943662991642
266,1788017017.5153854,-0.006574563419117114,-0.0009861845128678393,0.005118767233455856,0.008390424425243017
267,1788017017.5353854,-0.006574563419117114,-0.0009861845128678393,-0.0044613108915441445,0.008006293706605053
268,1788017017.545359,-0.0017845243566171132,0.003803854549632161,-0.0044613108915441445,0.006128387347836902
269,1788017017.5653589,-0.006574563419117114,-0.0009861845128678393,0.005118767233455856,0.008390424425243017
270,1788017017.6055,-0.0017845243566171132,-0.0009861845128678393,0.009908806295955856,0.010116399027497606
271,1788017017.6255,-0.011364602481617114,-0.0009861845128678393,0.005118767233455856,0.01250314070339527
272,1788017017.6372252,-0.006574563419117114,-0.0009861845128678393,0.0003287281709558557,0.006656238145964526
273,1788017017.6572251,-0.006574563419117114,-0.0009861845128678393,-0.0044613108915441445,0.008006293706605053
274,1788017017.665809,-0.0017845243566171132,-0.0009861845128678393,0.009908806295955856,0.010116399027497606
275,1788017017.685809,-0.011364602481617114,-0.0009861845128678393,0.005118767233455856,0.01250314070339527
276,1788017017.7257762,-0.011364602481617114,-0.00577622357536784,0.005118767233455856,0.013737566245449534
277,1788017017.7457762,-0.006574563419117114,-0.0009861845128678393,0.0003287281709558557,0.006656238145964526
278,1788017017.7789276,-0.011364602481617114,0.003803854549632161,0.0003287281709558557,0.011988809832936511
279,1788017017.7989275,-0.006574563419117114,-0.00577622357536784,0.0003287281709558557,0.008757722600939592
280,1788017017.7854328,-0.006574563419117114,-0.0009861845128678393,0.0003287281709558557,0.006656238145964526
281,1788017017.8054328,-0.0017845243566171132,-0.0009861845128678393,0.0003287281709558557,0.0020652237852494537
282,1788017017.8454726,-0.0017845243566171132,-0.0009861845128678393,0.005118767233455856,0.005509887935619146
283,1788017017.8654726,-0.011364602481617114,-0.0009861845128678393,0.0003287281709558557,0.011412046778250527
284,1788017017.8757608,-0.011364602481617114,-0.0009861845128678393,0.0003287281709558557,0.011412046778250527
285,1788017017.8957608,0.003005514705882887,-0.0009861845128678393,0.005118767233455856,0.006017263209383481
286,1788017017.9058855,-0.006574563419117114,-0.0009861845128678393,0.005118767233455856,0.008390424425243017
287,1788017017.9258854,-0.0017845243566171132,-0.0009861845128678393,0.0003287281709558557,0.0020652237852494537
288,1788017017.9649384,-0.011364602481617114,-0.0009861845128678393,0.0003287281709558557,0.011412046778250527
289,1788017017.9849384,-0.006574563419117114,-0.0009861845128678393,0.0003287281709558557,0.006656238145964526
290,1788017017.9955752,-0.011364602481617114,-0.0009861845128678393,0.0003287281709558557,0.011412046778250527
291,1788017018.0155752,-0.006574563419117114,0.003803854549632161,0.0003287281709558557,0.0076027794783967125
292,1788017018.0552459,-0.016154641544117113,-0.0009861845128678393,0.0003287281709558557,0.01618805317271706
293,1788017018.0752459,-0.006574563419117114,-0.0009861845128678393,0.009908806295955856,0.011932388120413605
294,1788017018.085092,-0.0017845243566171132,-0.0009861845128678393,-0.0044613108915441445,0.004905138320556364
295,1788017018.105092,-0.006574563419117114,-0.0009861845128678393,0.0003287281709558557,0.006656238145964526
296,1788017018.1158044,-0.011364602481617114,-0.00577622357536784,0.005118767233455856,0.013737566245449534
297,1788017018.1358044,-0.0017845243566171132,-0.0009861845128678393,-0.0044613108915441445,0.004905138320556364
298,1788017018.1760318,-0.0017845243566171132,-0.00577622357536784,0.005118767233455856,0.007921556915297414
299,1788017018.1960318,-0.006574563419117114,0.003803854549632161,-0.0044613108915441445,0.008808943662991642
300,1788017018.2353868,-0.011364602481617114,-0.0009861845128678393,-0.009251349954044145,0.01468721299058439
301,1788017018.2553868,-0.011364602481617114,-0.0009861845128678393,0.0003287281709558557,0.011412046778250527
302,1788017018.2353868,0.003005514705882887,-0.0009861845128678393,0.0003287281709558557,0.00318021080293094
303,1788017018.2553868,-0.011364602481617114,-0.0009861845128678393,0.0003287281709558557,0.011412046778250527
304,1788017018.295017,-0.006574563419117114,-0.0009861845128678393,0.005118767233455856,0.008390424425243017
305,1788017018.315017,-0.011364602481617114,-0.0009861845128678393,-0.014041389016544146,0.018091084958413214
306,1788017018.3255541,-0.006574563419117114,0.003803854549632161,0.005118767233455856,0.00915947441598324
307,1788017018.345554,-0.006574563419117114,-0.0009861845128678393,0.009908806295955856,0.011932388120413605
308,1788017018.3551443,-0.016154641544117113,-0.0009861845128678393,-0.0044613108915441445,0.016788338160263074
309,1788017018.3751442,-0.011364602481617114,-0.0009861845128678393,0.0003287281709558557,0.011412046778250527
310,1788017018.415647,-0.006574563419117114,-0.00577622357536784,0.005118767233455856,0.010138610404534216
311,1788017018.435647,-0.006574563419117114,-0.0009861845128678393,0.0003287281709558557,0.006656238145964526
312,1788017018.4454072,-0.006574563419117114,-0.00577622357536784,0.005118767233455856,0.010138610404534216
313,1788017018.4654071,-0.006574563419117114,-0.0009861845128678393,0.0003287281709558557,0.006656238145964526
314,1788017018.4755096,-0.0017845243566171132,-0.0009861845128678393,0.0003287281709558557,0.0020652237852494537
315,1788017018.4955096,-0.006574563419117114,-0.0009861845128678393,0.005118767233455856,0.008390424425243017
316,1788017018.5353668,-0.011364602481617114,0.003803854549632161,0.0003287281709558557,0.011988809832936511
317,1788017018.5553668,-0.006574563419117114,-0.00577622357536784,0.005118767233455856,0.010138610404534216
318,1788017018.5651171,-0.011364602481617114,-0.00577622357536784,0.0003287281709558557,0.012752529575272236
319,1788017018.585117,-0.006574563419117114,-0.0009861845128678393,-0.0044613108915441445,0.008006293706605053
320,1788017018.595423,-0.0017845243566171132,-0.0009861845128678393,0.0003287281709558557,0.0020652237852494537
321,1788017018.615423,-0.0017845243566171132,-0.0009861845128678393,0.0003287281709558557,0.0020652237852494537
322,1788017018.6551633,-0.011364602481617114,0.003803854549632161,-0.0044613108915441445,0.012787759532887128
323,1788017018.6751633,-0.0017845243566171132,-0.00577622357536784,-0.0044613108915441445,0.007513493251677636
324,1788017018.685009,-0.006574563419117114,-0.0009861845128678393,0.005118767233455856,0.008390424425243017
325,1788017018.705009,-0.011364602481617114,-0.0009861845128678393,0.0003287281709558557,0.011412046778250527
326,1788017018.7152328,-0.0017845243566171132,-0.00577622357536784,-0.0044613108915441445,0.007513493251677636
327,1788017018.7352328,-0.011364602481617114,-0.01056626263786784,0.0003287281709558557,0.015521216379780281
328,1788017018.7757227,0.003005514705882887,-0.0009861845128678393,0.0003287281709558557,0.00318021080293094
329,1788017018.7957227,-0.006574563419117114,-0.0009861845128678393,0.0003287281709558557,0.006656238145964526
330,1788017018.8133235,-0.011364602481617114,-0.0009861845128678393,0.0003287281709558557,0.011412046778250527
331,1788017018.8333235,-0.0017845243566171132,-0.0009861845128678393,0.0003287281709558557,0.0020652237852494537
332,1788017018.8369436,-0.006574563419117114,0.003803854549632161,0.0003287281709558557,0.0076027794783967125
333,1788017018.8569436,-0.011364602481617114,-0.0009861845128678393,0.0003287281709558557,0.011412046778250527
334,1788017018.8956506,-0.006574563419117114,0.003803854549632161,-0.0044613108915441445,0.008808943662991642
335,1788017018.9156506,0.003005514705882887,-0.0009861845128678393,0.005118767233455856,0.006017263209383481
336,1788017018.9257262,-0.006574563419117114,0.003803854549632161,0.0003287281709558557,0.0076027794783967125
337,1788017018.9457262,-0.006574563419117114,0.003803854549632161,0.0003287281709558557,0.0076027794783967125
338,1788017018.9549139,-0.016154641544117113,-0.0009861845128678393,0.0003287281709558557,0.01618805317271706
339,1788017018.9749138,-0.006574563419117114,-0.0009861845128678393,0.0003287281709558557,0.006656238145964526
340,1788017019.0154936,-0.0017845243566171132,-0.00577622357536784,0.005118767233455856,0.007921556915297414
341,1788017019.0354936,-0.006574563419117114,-0.00577622357536784,0.005118767233455856,0.010138610404534216
342,1788017019.0459275,-0.006574563419117114,-0.0009861845128678393,0.0003287281709558557,0.006656238145964526
343,1788017019.0659275,-0.0017845243566171132,-0.0009861845128678393,0.005118767233455856,0.005509887935619146
344,1788017019.0754652,-0.006574563419117114,-0.0009861845128678393,0.0003287281709558557,0.006656238145964526
345,1788017019.0954652,-0.006574563419117114,-0.00577622357536784,-0.0044613108915441445,0.009823081889897821
346,1788017019.1360276,-0.0017845243566171132,-0.00577622357536784,0.005118767233455856,0.007921556915297414
347,1788017019.1560276,-0.006574563419117114,-0.0009861845128678393,0.005118767233455856,0.008390424425243017
348,1788017019.165558,-0.006574563419117114,-0.0009861845128678393,0.0003287281709558557,0.006656238145964526
349,1788017019.185558,-0.011364602481617114,-0.0009861845128678393,-0.0044613108915441445,0.012248675207123775
350,1788017019.1960852,-0.011364602481617114,-0.0009861845128678393,0.0003287281709558557,0.011412046778250527
351,1788017019.2160852,-0.0017845243566171132,0.003803854549632161,0.0003287281709558557,0.004214486780676503
352,1788017019.2561266,-0.011364602481617114,-0.0009861845128678393,0.0003287281709558557,0.011412046778250527
353,1788017019.2761266,-0.006574563419117114,-0.00577622357536784,0.005118767233455856,0.010138610404534216
354,1788017019.285921,-0.0017845243566171132,-0.00577622357536784,-0.0044613108915441445,0.007513493251677636
355,1788017019.305921,0.003005514705882887,-0.0009861845128678393,0.005118767233455856,0.006017263209383481
356,1788017019.3159795,-0.0017845243566171132,-0.00577622357536784,0.0003287281709558557,0.006054531210785434
357,1788017019.3359795,-0.006574563419117114,-0.0009861845128678393,-0.0044613108915441445,0.008006293706605053
358,1788017019.3761315,-0.0017845243566171132,0.003803854549632161,0.0003287281709558557,0.004214486780676503
359,1788017019.3961315,-0.0017845243566171132,-0.0009861845128678393,0.005118767233455856,0.005509887935619146
360,1788017019.4052637,-0.0017845243566171132,-0.0009861845128678393,0.005118767233455856,0.005509887935619146
361,1788017019.4252636,-0.016154641544117113,-0.0009861845128678393,0.0003287281709558557,0.01618805317271706
362,1788017019.4659777,-0.0017845243566171132,-0.00577622357536784,0.0003287281709558557,0.006054531210785434
363,1788017019.4859776,0.003005514705882887,-0.0009861845128678393,0.0003287281709558557,0.00318021080293094
364,1788017019.4951699,0.003005514705882887,0.003803854549632161,0.0003287281709558557,0.004859062696901077
365,1788017019.5151699,-0.011364602481617114,-0.0009861845128678393,0.0003287281709558557,0.011412046778250527
366,1788017019.5256739,0.003005514705882887,-0.0009861845128678393,0.005118767233455856,0.006017263209383481
367,1788017019.5456738,0.003005514705882887,-0.0009861845128678393,0.0003287281709558557,0.00318021080293094
368,1788017019.6152015,-0.011364602481617114,-0.0009861845128678393,0.0003287281709558557,0.011412046778250527
369,1788017019.6352015,-0.016154641544117113,-0.0009861845128678393,0.0003287281709558557,0.01618805317271706
370,1788017019.6161134,-0.011364602481617114,0.003803854549632161,0.0003287281709558557,0.011988809832936511
371,1788017019.6361134,-0.006574563419117114,-0.0009861845128678393,0.0003287281709558557,0.006656238145964526
372,1788017019.6455426,-0.011364602481617114,-0.00577622357536784,0.0003287281709558557,0.012752529575272236
373,1788017019.6655426,-0.011364602481617114,-0.0009861845128678393,0.0003287281709558557,0.011412046778250527
374,1788017019.7055945,-0.006574563419117114,-0.0009861845128678393,0.0003287281709558557,0.006656238145964526
375,1788017019.7255945,0.007795553768382887,-0.01056626263786784,0.005118767233455856,0.014093202002329058
376,1788017019.7351155,-0.0017845243566171132,0.003803854549632161,0.0003287281709558557,0.004214486780676503
377,1788017019.7551155,-0.020944680606617114,-0.00577622357536784,0.0003287281709558557,0.021729069623806222
378,1788017019.765639,-0.006574563419117114,-0.0009861845128678393,0.0003287281709558557,0.006656238145964526
379,1788017019.785639,-0.0017845243566171132,0.003803854549632161,0.0003287281709558557,0.004214486780676503
380,1788017019.8256898,-0.0017845243566171132,0.003803854549632161,-0.0044613108915441445,0.006128387347836902
381,1788017019.8456898,-0.016154641544117113,0.003803854549632161,-0.0044613108915441445,0.017185605829434184
382,1788017019.855211,-0.011364602481617114,0.003803854549632161,0.0003287281709558557,0.011988809832936511
383,1788017019.875211,-0.0017845243566171132,-0.00577622357536784,0.005118767233455856,0.007921556915297414
384,1788017019.8857343,-0.006574563419117114,-0.0009861845128678393,0.005118767233455856,0.008390424425243017
385,1788017019.9057343,-0.006574563419117114,-0.0009861845128678393,0.0003287281709558557,0.006656238145964526
386,1788017019.945903,-0.011364602481617114,-0.00577622357536784,0.005118767233455856,0.013737566245449534
387,1788017019.965903,0.003005514705882887,-0.00577622357536784,0.009908806295955856,0.011856741527531413
388,1788017020.005067,-0.0017845243566171132,-0.0009861845128678393,0.0003287281709558557,0.0020652237852494537
389,1788017020.025067,-0.006574563419117114,0.003803854549632161,-0.0044613108915441445,0.008808943662991642
390,1788017020.0060673,-0.0017845243566171132,0.003803854549632161,0.0003287281709558557,0.004214486780676503
391,1788017020.0260673,-0.0017845243566171132,0.003803854549632161,-0.0044613108915441445,0.006128387347836902
392,1788017020.0661929,-0.0017845243566171132,0.008593893612132161,0.0003287281709558557,0.008783370469608217
393,1788017020.0861928,-0.011364602481617114,-0.00577622357536784,0.005118767233455856,0.013737566245449534
394,1788017020.0954578,-0.016154641544117113,-0.00577622357536784,-0.0044613108915441445,0.017726829865561417
395,1788017020.1154578,-0.011364602481617114,0.003803854549632161,0.0003287281709558557,0.011988809832936511
396,1788017020.125198,-0.006574563419117114,-0.01535630170036784,0.005118767233455856,0.01747119526692477
397,1788017020.1451979,-0.006574563419117114,-0.0009861845128678393,0.005118767233455856,0.008390424425243017
398,1788017020.185756,-0.016154641544117113,-0.00577622357536784,0.0003287281709558557,0.0171594074612712
399,1788017020.205756,-0.006574563419117114,-0.0009861845128678393,0.005118767233455856,0.008390424425243017
400,1788017020.215406,-0.006574563419117114,0.003803854549632161,-0.0044613108915441445,0.008808943662991642
401,1788017020.235406,-0.0017845243566171132,0.003803854549632161,0.005118767233455856,0.006622357178861492
402,1788017020.2458184,-0.016154641544117113,0.003803854549632161,0.0003287281709558557,0.016599693221986116
403,1788017020.2658184,-0.020944680606617114,-0.0009861845128678393,0.005118767233455856,0.02158365084032182
404,1788017020.3051076,-0.0017845243566171132,0.003803854549632161,0.005118767233455856,0.006622357178861492
405,1788017020.3251076,-0.006574563419117114,-0.00577622357536784,0.005118767233455856,0.010138610404534216
406,1788017020.335776,-0.011364602481617114,-0.00577622357536784,-0.0044613108915441445,0.013506377872280323
407,1788017020.355776,-0.016154641544117113,0.003803854549632161,0.0003287281709558557,0.016599693221986116
408,1788017020.36585,-0.0017845243566171132,-0.01056626263786784,0.014698845358455856,0.018190285544310753
409,1788017020.38585,-0.0017845243566171132,-0.01535630170036784,0.005118767233455856,0.016285033223250766
410,1788017020.4258776,-0.006574563419117114,0.003803854549632161,0.0003287281709558557,0.0076027794783967125
411,1788017020.4458776,-0.011364602481617114,-0.00577622357536784,0.009908806295955856,0.01614631198040554
412,1788017020.4569025,-0.0017845243566171132,-0.0009861845128678393,0.005118767233455856,0.005509887935619146
413,1788017020.4769025,-0.0017845243566171132,0.003803854549632161,-0.009251349954044145,0.01016077322777699
414,1788017020.484921,-0.006574563419117114,-0.00577622357536784,0.0003287281709558557,0.008757722600939592
415,1788017020.504921,-0.011364602481617114,0.008593893612132161,-0.0044613108915441445,0.014930254246088185
416,1788017020.5453658,-0.006574563419117114,0.003803854549632161,0.0003287281709558557,0.0076027794783967125
417,1788017020.5653658,-0.0017845243566171132,-0.0009861845128678393,0.005118767233455856,0.005509887935619146
418,1788017020.5722806,-0.006574563419117114,0.003803854549632161,0.0003287281709558557,0.0076027794783967125
419,1788017020.5922806,-0.020944680606617114,-0.0009861845128678393,0.0003287281709558557,0.020970461793127098
420,1788017020.603351,-0.011364602481617114,-0.0009861845128678393,0.009908806295955856,0.01510996994270249
421,1788017020.623351,0.012585592830882888,-0.0009861845128678393,-0.0044613108915441445,0.013389286824517635
