frame,t_camera,finger_width,object_area,ax,ay,az,mag,velocity,predicted_finger_width
130,1789996854.642861,34.886,5400.0,-0.504391,0.285486,0.231455,0.624087,0.0,112.871605
131,1789996854.6750612,25.456,5328.0,-0.230474,0.153423,0.391918,0.479898,-0.000104,110.18578
132,1789996854.7071636,28.16,5328.0,-0.543208,0.332009,0.801878,1.024215,-0.002332,110.18578
133,1789996854.7388325,32.985,5183.0,-0.697812,0.579619,1.110032,1.434411,-0.008736,105.480515
134,1789996854.7710056,78.816,5328.0,-0.759247,0.545861,1.182769,1.507879,-0.02214,110.18578
135,1789996854.8022137,90.139,5183.0,-0.851025,0.372484,1.082261,1.428598,-0.037618,105.480515
136,1789996854.8348072,84.172,5400.0,-0.629253,0.352881,1.017028,1.24812,-0.05225,112.871605
137,1789996854.8667424,99.73,5329.0,-0.734777,0.686328,0.681141,1.214722,-0.062013,110.22308
138,1789996854.8988712,117.745,5476.0,-0.395547,0.683539,0.251782,0.855984,-0.070242,115.70666
139,1789996854.9310575,140.407,5328.0,-0.315217,0.954065,-0.16834,1.025458,-0.070769,110.18578
140,1789996854.963178,159.48,5106.0,-0.356014,0.705967,-0.34662,0.869093,-0.071114,103.10985
141,1789996854.9942212,174.451,5548.0,-0.305751,0.414243,-0.428415,0.676316,-0.07243,118.392456
142,1789996855.0426867,193.569,5550.0,-0.029186,0.365798,-0.646262,0.751442,-0.056742,118.46706
143,1789996855.0747035,206.4,5928.0,-0.221704,0.397128,-0.929517,1.035027,-0.050067,132.56761
144,1789996855.1063123,213.925,6084.0,-0.044811,0.395449,-0.964567,1.051697,-0.045323,138.3869
145,1789996855.1384146,220.737,6480.0,0.233786,0.129352,-0.826782,0.869487,-0.02656,153.15889
146,1789996855.170784,228.537,6724.0,0.173862,0.179201,-0.616856,0.666852,-0.009524,162.26083
147,1789996855.2028904,236.913,7056.0,0.089574,0.185244,-0.5732,0.623544,0.004954,174.64545
148,1789996855.2349353,238.952,7396.0,0.192605,-0.028175,-0.524303,0.563238,0.018615,187.32849
149,1789996855.267032,247.111,7744.0,0.095213,-0.372129,-0.599717,0.713823,0.038451,200.30997
150,1789996855.298341,248.502,8100.0,0.021559,-0.277333,-0.455422,0.533947,0.049636,212.97034
151,1789996855.3312268,248.395,8372.0,0.153314,-0.14668,-0.308822,0.382656,0.062844,219.185
152,1789996855.3623028,254.026,8836.0,0.263432,-0.345912,-0.472313,0.64841,0.079731,229.78648
153,1789996855.3942847,256.955,9603.0,0.468806,-0.651155,-0.381355,0.888771,0.108014,242.60971
154,1789996855.4428842,261.513,10504.0,0.414173,-0.783883,-0.22376,0.915003,0.144109,250.42026
155,1789996855.474828,254.922,11340.0,0.519004,-0.961424,-0.259091,1.123376,0.169229,245.31818
156,1789996855.506819,257.573,12096.0,0.24293,-1.362822,-0.296619,1.416673,0.195312,238.93518
157,1789996855.5391495,251.034,13216.0,0.259384,-1.805895,-0.21186,1.836744,0.213167,229.47891
158,1789996855.5703955,243.13,14145.0,0.293207,-2.106558,-0.159127,2.133267,0.231716,220.80876
159,1789996855.6027102,232.422,15360.0,0.071384,-2.538365,-0.063067,2.542047,0.249571,208.73212
160,1789996855.6348388,220.785,16359.0,0.230987,-2.779956,0.180107,2.795481,0.271613,198.80243
161,1789996855.6670663,210.723,17262.0,0.413014,-2.907148,0.142791,2.941825,0.291106,189.82697
162,1789996855.6984107,204.267,18060.0,0.330842,-2.877486,0.047811,2.89774,0.31354,183.7362
163,1789996855.7309816,191.971,18471.0,0.052538,-2.815968,0.009373,2.81657,0.329384,181.22118
164,1789996855.762848,180.58,18612.0,0.125514,-2.482101,-0.03161,2.485704,0.342061,180.35835
165,1789996855.7944,172.8,17952.0,-0.191519,-1.892385,-0.306369,1.928534,0.355754,184.39706
166,1789996855.8433025,163.6,18090.0,0.093883,-2.04722,-0.20126,2.059507,0.364467,183.55261
167,1789996855.8750956,148.627,17423.0,-0.144467,-1.774153,-0.228311,1.808972,0.373789,188.22668
168,1789996855.906557,138.514,17822.0,-0.523547,-1.67601,-0.173288,1.764468,0.376581,185.19258
169,1789996855.9387176,131.472,18495.0,-0.369724,-1.781193,-0.055719,1.821096,0.371573,181.07431
170,1789996855.9707165,129.711,18189.0,-0.509097,-1.660165,-0.033865,1.740843,0.367853,182.9468
171,1789996856.003307,124.338,18018.0,-0.628932,-1.43491,0.130417,1.573848,0.359131,183.9932
172,1789996856.034393,126.127,18352.0,-0.892346,-1.09031,0.298871,1.441821,0.350487,181.94936
173,1789996856.0669947,121.334,18392.0,-1.090854,-1.184536,0.39622,1.659297,0.327619,181.70459
174,1789996856.0988326,119.62,18910.0,-1.111097,-1.100986,0.359466,1.604987,0.301571,178.53482
175,1789996856.1310456,118.533,19188.0,-0.953401,-1.092773,0.315411,1.485699,0.280203,176.83365
176,1789996856.163222,117.631,19065.0,-1.164649,-1.254703,0.326729,1.742969,0.259131,177.58632
177,1789996856.1953027,118.533,19065.0,-1.028941,-1.187628,0.290605,1.598315,0.233444,177.58632
178,1789996856.2427304,118.512,19220.0,-1.094495,-1.294345,0.149952,1.702195,0.197434,176.63785
179,1789996856.2746427,118.596,19250.0,-0.987797,-1.155657,0.083351,1.522707,0.179878,176.45425
180,1789996856.306689,119.101,18788.0,-1.029351,-1.258376,0.03745,1.627316,0.156937,179.28136
181,1789996856.339012,119.867,18942.0,-0.859314,-1.238994,0.007395,1.508074,0.136233,178.33899
182,1789996856.371204,119.436,18696.0,-0.808118,-1.068447,-0.026537,1.340114,0.119916,179.84435
183,1789996856.403119,116.456,18666.0,-0.756239,-1.12728,-0.043465,1.361955,0.104145,180.02792
184,1789996856.4348607,116.456,18696.0,-0.880338,-1.04382,0.071598,1.36964,0.093071,179.84435
185,1789996856.4667437,116.469,18724.0,-0.755865,-0.782698,0.142357,1.097663,0.075952,179.67299
186,1789996856.498938,114.769,18422.0,-0.705479,-0.905448,0.046241,1.149751,0.062926,181.52101
187,1789996856.5312767,115.156,18450.0,-0.860794,-0.837143,-0.00309,1.200999,0.048929,181.34969
188,1789996856.562544,117.546,18300.0,-0.750326,-0.779545,-0.11655,1.088292,0.039633,182.26756
189,1789996856.5944018,115.521,18600.0,-0.930759,-0.856416,-0.063592,1.269808,0.022251,180.4318
190,1789996856.643324,113.318,18300.0,-0.796583,-0.734792,0.006323,1.083746,0.0,182.26756
