time_s,ax_m/s2,ay_m/s2,az_m/s2,mag_m/s2
0.09101700782775879,-0.0032093261718750083,-0.01585502929687474,-0.026249414062500087,0.030833641807396273
0.2112720012664795,0.001580712890624992,0.012885205078125262,-0.026249414062500087,0.02928410664118867
0.3037889003753662,-0.012789404296875008,-0.03022514648437474,-0.011879296875000087,0.034903381448152304
0.4221673011779785,-0.07026987304687501,-0.08770561523437474,0.016860937499999912,0.11364163504210516
0.5101549625396729,-0.02236948242187501,-0.06854545898437474,0.002490820312499913,0.07214622566032361
0.6311733722686768,0.054271142578124994,-0.006274951171874739,-0.05498964843750009,0.07751511700452009
0.6793453693389893,0.001580712890624992,0.032045361328125264,-0.05977968750000009,0.06784552213293343
0.8118140697479248,-0.007999365234375009,-0.05417534179687474,0.007280859374999913,0.05524462341440708
0.8903603553771973,0.015950830078124992,-0.07333549804687474,0.012070898437499913,0.07601467518218323
1.0135328769683838,-0.007999365234375009,-0.006274951171874739,-0.007089257812500088,0.012394451689947128
1.1027438640594482,0.006370751953124992,0.05599555664062526,-0.05498964843750009,0.07873976301222638
1.2297253608703613,0.015950830078124992,0.12305610351562526,-0.03582949218750009,0.12915489190519897
1.2765185832977295,-0.03673959960937501,0.04641547851562526,-0.031039453125000088,0.06684042545937852
1.4100375175476074,-0.027159521484375008,-0.05896538085937474,-0.011879296875000087,0.06599752602481196
1.4957711696624756,-0.027159521484375008,-0.05896538085937474,-0.02145937500000009,0.06837441423911414
1.6198647022247314,-0.02236948242187501,-0.03501518554687474,-0.031039453125000088,0.051864290345127816
1.7111570835113525,0.025530908203124994,0.05120551757812526,-0.03582949218750009,0.06750988679100432
1.830207109451294,0.001580712890624992,0.022465283203125262,-0.05019960937500009,0.05501989080361581
1.9222567081451416,-0.007999365234375009,0.0033051269531252617,-0.05019960937500009,0.05094030319630812
2.0436277389526367,0.001580712890624992,-0.04938530273437474,-0.04061953125000009,0.06396368577855847
2.088808536529541,0.06385122070312499,-0.14997612304687474,-0.04540957031250009,0.16920947061384117
2.2157905101776123,-0.012789404296875008,-0.09728569335937474,-0.02145937500000009,0.10044192237344846
2.332993984222412,0.006370751953124992,-0.011064990234374739,-0.07893984375000009,0.0799657390424767
2.430906057357788,-0.012789404296875008,-0.06854545898437474,-0.07893984375000009,0.105325912010872
2.5200448036193848,-0.04631967773437501,-0.02543510742187474,-0.0645697265625001,0.08343684332076984
2.6407554149627686,-0.03673959960937501,0.022465283203125262,-0.1172601562500001,0.1249176983962971
2.699922561645508,-0.012789404296875008,-0.006274951171874739,-0.07893984375000009,0.08021497868698067
2.820934772491455,0.083011376953125,-0.09249565429687474,-0.07893984375000009,0.1472339420742894
2.9052534103393555,-0.012789404296875008,-0.06375541992187474,-0.08372988281250009,0.10601422408091522
3.032017230987549,-0.07505991210937502,-0.07333549804687474,-0.10289003906250009,0.14696409703710994
3.1155993938446045,-0.03673959960937501,-0.11165581054687475,-0.09810000000000009,0.1531026721136401
3.240260362625122,-0.01757944335937501,-0.08291557617187474,-0.12684023437500008,0.15255318632216236
3.3320226669311523,-0.02236948242187501,-0.02543510742187474,-0.12684023437500008,0.13128512288027855
3.437410831451416,-0.02236948242187501,-0.02064506835937474,-0.1460003906250001,0.1491399565979501
3.5120882987976074,-0.012789404296875008,-0.03501518554687474,-0.13163027343750008,0.13680702089579333
3.6322951316833496,0.001580712890624992,-0.03022514648437474,-0.1603705078125001,0.1632015867241604
3.7090024948120117,-0.027159521484375008,-0.09728569335937474,-0.09810000000000009,0.14080396208798437
3.8325233459472656,-0.0032093261718750083,-0.17392631835937475,-0.09810000000000009,0.19971047542010428
3.921067714691162,-0.07026987304687501,-0.11644584960937475,-0.07893984375000009,0.15725453850540366
4.039976119995117,0.006370751953124992,0.008095166015625262,-0.1651605468750001,0.16548149273353163
4.111464738845825,-0.08943002929687502,0.05120551757812526,-0.1460003906250001,0.17870604140077703
4.232802629470825,-0.04152963867187501,-0.01585502929687474,-0.1172601562500001,0.12540349710432994
4.317465782165527,-0.01757944335937501,-0.10207573242187475,-0.1460003906250001,0.17901007245666445
4.433022975921631,-0.01757944335937501,-0.05417534179687474,-0.1172601562500001,0.13036084048290006
4.523206949234009,0.001580712890624992,-0.06375541992187474,-0.1124701171875001,0.1292933853019062
4.645813465118408,-0.01757944335937501,-0.12123588867187475,-0.07414980468750008,0.14319696598070467
4.733573913574219,0.020740869140624993,-0.15476616210937474,-0.10768007812500009,0.18967801088101888
4.855915069580078,-0.04631967773437501,-0.06854545898437474,-0.1172601562500001,0.14350587701055798
4.917140483856201,0.020740869140624993,0.032045361328125264,-0.1747406250000001,0.17886132857817336
5.0337700843811035,0.025530908203124994,-0.04459526367187474,-0.08372988281250009,0.09824081683004994
5.124562740325928,-0.386412451171875,-0.2936772949218748,-0.1507904296875001,0.5082309412645273
5.2493040561676025,1.817005517578125,-0.5283892089843748,1.3341216796875,2.3152936883455366
5.33771824836731,0.499744775390625,1.8522602050781254,0.22283261718749992,1.9313899355461384
5.460298776626587,-7.657691748046876,3.5910443847656253,-4.356444726562501,9.513908415422978
5.521233081817627,-4.184913427734375,-1.4289165527343748,-0.5100433593750001,4.451454497212377
5.635048151016235,13.145447900390625,-3.196440966796875,1.9568267578125,13.669279656082562
5.735477685928345,-4.663917333984375,1.2678754394531253,-1.7794037109375003,5.150331115055276
5.839967966079712,-4.002891943359375,4.544262158203125,-2.8811126953125004,6.706286068740222
5.940104007720947,1.682884423828125,0.20927680664062528,0.5102349609375,1.770942257986948
6.0478386878967285,-0.7121351074218751,-3.220391162109375,0.05518124999999992,3.2986513332825127
6.1519012451171875,-1.3444202636718752,-0.9451226074218748,-0.8118158203125001,1.8329668612774033
6.26309871673584,-0.376832373046875,-0.7774712402343747,-0.3040716796875001,0.915927810013264
6.319797992706299,-0.7312952636718751,-0.31762749023437475,-0.6633246093750002,1.0371497108055336
6.443926811218262,-0.554063818359375,-0.2840972167968748,-0.3519720703125001,0.7152498036957218
6.539579629898071,-0.5013733886718751,-0.30804741210937475,-0.3184417968750001,0.6690841957276983
6.66303825378418,-0.7121351074218751,-0.09249565429687474,-0.5771039062500001,0.9212712824654753
6.746451377868652,-0.6690247558593752,-0.25535698242187477,-0.2705414062500001,0.7655024264625356
6.860053777694702,-0.573223974609375,-0.13081596679687474,-0.4190326171875001,0.7220019920353242
6.928938150405884,-0.558853857421875,-0.14518608398437474,-0.5771039062500001,0.8163611648939679
7.050286769866943,-0.597174169921875,-0.10207573242187475,-0.3184417968750001,0.6844279526497449
7.140557050704956,-0.6259144042968751,0.14700629882812527,-0.6058441406250001,0.883417690637391
7.251445055007935,-0.549273779296875,-0.02543510742187474,-0.3663421875000001,0.6607232610215261
7.3429176807403564,-0.7025550292968751,-0.02064506835937474,-0.4956732421875001,0.8600591555576653
7.46668004989624,-0.7504554199218751,-0.12123588867187475,-0.4956732421875001,0.9075094715829941
7.56057071685791,-0.6450745605468751,-0.23140678710937476,-0.6010541015625002,0.9115570869617172
7.682092905044556,-0.6594446777343751,-0.16913627929687475,-0.3902923828125001,0.7847308507049047
7.742314338684082,-0.568433935546875,-0.15955620117187475,-0.7255951171875001,0.9354483387659901
7.846803426742554,-0.29061166992187504,-0.03980522460937474,-0.7639154296875001,0.8182948015939131
7.94030237197876,0.17402211914062501,-0.5667095214843748,-0.7591253906250002,0.9631794943741286
8.062054872512817,-0.007999365234375009,-0.24577690429687474,-0.9171966796875002,0.9495893985084727
8.150332927703857,-0.007999365234375009,-0.2840972167968748,-1.1279583984375001,1.1632133798411939
8.281648635864258,-0.12775034179687503,-0.15476616210937474,-1.3483001953125002,1.3631530110163752
8.34065318107605,-0.314561865234375,-0.37510795898437477,-1.410570703125,1.4931057753781911
8.450840711593628,-0.6259144042968751,-0.0014849121093747388,-1.4824212890625001,1.6091438483665805
8.551215171813965,-0.7265052246093752,-0.35594780273437476,-1.4488910156250001,1.6594558911929513
8.672116041183472,-1.1049183105468752,0.032045361328125264,-1.5638519531250001,1.9150729253627103
8.75459623336792,-1.445011083984375,-0.27930717773437475,-1.5015814453125003,2.10257374883223
8.870971441268921,-2.024605810546875,0.09431586914062527,-1.7985638671875002,2.709752046889969
8.960809230804443,-2.359908544921875,-0.8062114746093748,-1.3626703125000001,2.841833151815207
9.082509994506836,-1.7467835449218752,-0.45653862304687476,-1.1950189453125002,2.1651213699927236
9.14626669883728,-1.478541357421875,-1.0361333496093748,-1.1758587890625,2.154599906153157
9.263312339782715,-1.6653528808593752,-0.26493706054687477,-0.9411468750000002,1.9311523254679068
9.353518724441528,-1.8282142089843751,-0.11165581054687475,-0.9363568359375002,2.057084912726777
9.47400164604187,-2.034185888671875,0.15658637695312527,-0.9171966796875002,2.236890983563765
9.567015886306763,-1.761153662109375,-0.0014849121093747388,-0.9986273437500002,2.0245792150988846
9.685856819152832,-1.684513037109375,0.0033051269531252617,-1.1519085937500002,2.0407078439626605
9.7434983253479,-1.5120716308593751,-0.11644584960937475,-0.8357660156250001,1.7315961092629735
9.871741771697998,-1.7419935058593752,0.060785595703125264,-1.0034173828125001,2.011239097479837
9.9468994140625,-1.8234241699218752,0.008095166015625262,-0.8309759765625001,2.0038618487291235
10.069007396697998,-1.684513037109375,-0.04938530273437474,-0.9603070312500002,1.939642408947022
10.17184829711914,-1.5695520996093753,-0.07812553710937474,-0.9794671875000002,1.85174333111422
10.290476322174072,-1.6940931152343752,-0.21703666992187476,-0.8357660156250001,1.9014629189255767
10.379248857498169,-1.756363623046875,-0.24098686523437476,-0.9890472656250001,2.0300498366340975
10.524352073669434,-1.6988831542968752,-0.21703666992187476,-0.8836664062500001,1.9272195530295109
10.562153577804565,-1.8042640136718753,-0.26014702148437474,-0.8788763671875002,2.023726456964783
10.681885004043579,-1.603082373046875,-0.4613286621093748,-0.7782855468750002,1.8407676718509982
10.759317636489868,-1.9479651855468751,-0.44695854492187476,-0.8788763671875002,2.1832920037828307
10.88099217414856,-3.078414404296875,-0.4421685058593748,-0.8788763671875002,3.231806290753995
10.975932121276855,-2.599410498046875,0.13742622070312527,-1.4920013671875,3.000314814012426
11.097973585128784,-2.2688978027343754,0.3242377441406253,-1.4441009765625001,2.708958284006427
11.15116810798645,-1.8952747558593752,-0.04938530273437474,-1.4153607421875,2.3659567491502314
11.279807567596436,-1.5695520996093753,0.15658637695312527,-1.3818304687500003,2.0970141943251956
11.371980428695679,-1.3492103027343751,0.060785595703125264,-1.6836029296875001,2.1583748873867816
11.48723316192627,-0.6977649902343751,-0.48048881835937474,-1.7794037109375003,1.9707924935576837
11.571815252304077,0.902108056640625,-1.1942046386718748,-1.53511171875,2.1439430155498367
11.693181276321411,2.439710595703125,-1.3235356933593747,-1.372250390625,3.0962890137958445
11.781879663467407,2.980985009765625,-0.9882329589843748,-1.9949554687500002,3.7205810476276295
11.904074430465698,3.186956689453125,0.022465283203125262,-1.9710052734375,3.7472735978732397
11.972495794296265,2.6696324707031254,0.36734809570312527,-0.9890472656250001,2.870556852892741
12.0818510055542,2.276849267578125,-0.10207573242187475,-1.5015814453125003,2.729323886849504
12.181715488433838,1.649354150390625,-0.9307524902343748,-1.0465277343750001,2.1637674575388965
12.291010618209839,2.478030908203125,-0.08291557617187474,-1.3099798828125002,2.8042038920441166
12.385448217391968,2.161888330078125,-0.6002397949218747,-0.9746771484375001,2.44623067326491
12.513041973114014,1.165560205078125,-0.5475493652343748,-0.2513812500000001,1.3120721900421066
12.570163488388062,1.543973291015625,-0.37510795898437477,-0.5148333984375001,1.6702134391776846
12.678777933120728,1.481702783203125,-0.6098198730468748,-0.44777285156250013,1.6636778359740225
12.772750616073608,0.863787744140625,-0.02064506835937474,-0.1891107421875001,0.8844876248912814
12.92890739440918,0.787147119140625,-0.27451713867187477,-0.5052533203125001,0.9748031412971464
12.986237525939941,0.7536168457031249,-0.48048881835937474,-0.48609316406250014,1.0173959007408122
13.108268976211548,0.667396142578125,-0.20266655273437476,-0.4429828125000001,0.8262718165929456
13.201554298400879,0.106961572265625,-0.49006889648437474,-0.2897015625000001,0.5792540863540704
13.311629056930542,0.389573876953125,0.022465283203125262,-0.1699505859375001,0.4256238905585362
13.368829011917114,0.178812158203125,0.14221625976562527,-0.3902923828125001,0.4522470525547318
13.492012023925781,0.217132470703125,0.060785595703125264,-0.4334027343750001,0.4885481845656108
13.58949875831604,0.600335595703125,0.49667915039062527,-0.1651605468750001,0.7964741126647045
13.708768367767334,0.236292626953125,0.036835400390625266,-0.03582949218750009,0.24181564214243978
13.787319421768188,0.130911767578125,0.15179633789062527,0.11266171874999992,0.22994060528566498
13.909507751464844,0.04948110351562499,0.11826606445312526,0.06476132812499992,0.1436289358968752
13.977428436279297,0.150071923828125,0.13263618164062527,0.21804257812499991,0.296068412494606
14.102236032485962,-0.46784311523437505,0.20448676757812528,0.3234234374999999,0.6043961767839628
14.17854118347168,0.427894189453125,0.027255322265625263,0.09829160156249991,0.43988354015269904
14.305115461349487,0.308143212890625,0.2907074707031253,-0.13642031250000008,0.4450545751205836
14.40102767944336,-0.415152685546875,0.15658637695312527,0.8359576171875,0.9464122693086198
14.508925914764404,-0.8414661621093751,0.04641547851562526,0.44796445312499994,0.954406543295097
14.599872827529907,-0.9899573730468751,0.05599555664062526,-0.3423919921875001,1.048991601075761
14.718580722808838,-0.573223974609375,-0.05896538085937474,-0.44777285156250013,0.7297692565484472
14.871085405349731,-0.434312841796875,0.22843696289062526,-0.2944916015625001,0.5723079537759515
14.914950847625732,-0.6690247558593752,0.05599555664062526,-0.1124701171875001,0.6807195851276501
14.98855185508728,-1.1480286621093752,-0.13081596679687474,-0.2418011718750001,1.1804873709251473
15.120447397232056,-1.0618079589843752,-0.10686577148437475,-0.46693300781250013,1.1648531532611068
15.210429668426514,-0.9037366699218751,0.012885205078125262,-0.3232318359375001,0.9598879188920509
15.3192880153656,-0.8223060058593751,0.08473579101562527,-0.2178509765625001,0.8548838339451023
15.380136966705322,-0.7983558105468751,0.012885205078125262,-0.32802187500000013,0.8632128238287352
15.512679100036621,-0.8558362792968751,-0.10207573242187475,-0.2130609375000001,0.8878457947180692
15.601954698562622,-0.7121351074218751,-0.03501518554687474,-0.1124701171875001,0.7218116109497116
15.72140884399414,-0.6594446777343751,-0.01585502929687474,-0.1507904296875001,0.6766508838622318
15.810070276260376,-0.6786048339843751,0.022465283203125262,-0.2226410156250001,0.7145475711909526
15.931500911712646,-0.453472998046875,-0.5427593261718747,-0.4142425781250001,0.8196477045876572
16.016119718551636,0.5907555175781251,-0.08770561523437474,-0.9507269531250001,1.122749346867316
16.15357756614685,-0.10859018554687501,0.9756830566406253,-0.9986273437500002,1.4003591778889726
16.199636936187744,-0.7408753417968751,-0.08770561523437474,-1.0034173828125001,1.2503739405300178
16.311885356903076,-1.2725696777343751,-0.5762895996093748,-1.3530902343750002,1.9448384173673394
16.407243728637695,1.079339501953125,-0.7726812011718748,-2.4979095703125003,2.8287032754567263
16.53087043762207,0.557225244140625,-0.9834429199218748,-2.253617578125,2.52120053504001
16.61239504814148,1.462542626953125,0.17574653320312528,-2.0428558593750004,2.5185666244454676
16.742276906967163,1.270941064453125,0.3050775878906253,-3.0775042968750004,3.343560410883957
16.78970193862915,-1.124078466796875,-0.27451713867187477,-3.4367572265625004,3.6263221441662594
16.916313409805298,-1.6701429199218751,-1.4049663574218747,-3.5612982421875,4.176859227728442
17.01200222969055,-2.3024280761718754,-1.7067388183593748,-3.5852484375,4.590004226428934
17.13156795501709,-0.6354944824218751,-0.5475493652343748,-3.5708783203125,3.6680833582451524
17.222068309783936,-0.9324769042968751,-0.9882329589843748,-3.3792767578125003,3.642201115282057
17.34180736541748,-0.7791956542968751,-0.9547026855468748,-3.3122162109375,3.534031594859152
17.431754112243652,-1.435431005859375,-0.6720903808593748,-3.5229779296875003,3.8630999399046595
17.54815125465393,-0.9420569824218751,-0.6433501464843747,-3.5996185546875004,3.776059388881722
17.609477996826172,-0.8845765136718752,-0.5379692871093747,-3.3936468750000004,3.5480594237709897
17.72749900817871,-1.5503919433593751,-0.5427593261718747,-3.60440859375,3.9610685647788353
17.818443298339844,-1.315680029296875,-0.9355425292968748,-3.1733050781250003,3.5603537580509794
17.94229555130005,-1.200719091796875,-1.0552935058593749,-3.3936468750000004,3.751294421011466
18.032973289489746,-1.2725696777343751,-0.9068022949218748,-3.4990277343750003,3.832090692127471
