imu_index,t_imu,ax,ay,az,mag,vx,vy,vz,velocity
0,1790565993.9871447,-0.06524033203125003,-0.01848955078125,0.010059082031249564,0.06855180189427248,0.0,0.0,0.0,0.0
1,1790565994.0071447,-0.13709091796875003,0.010250683593750004,0.029219238281249567,0.14054451319560704,-0.0003866779295746821,-3.5932443759462317e-05,7.174274163931655e-05,0.0003949151588792401
2,1790565994.017199,-0.10835068359375002,0.019830761718750003,0.024429199218749566,0.11282692728266654,-0.0007369910638948745,-2.8603043051350662e-05,0.00014285416469368315,0.0007512531362350685
3,1790565994.037199,-0.007759863281250022,-0.0041194335937499976,0.014849121093749565,0.01725345207585562,-0.0015034692657788272,7.356542241065378e-06,0.00032200741238824944,0.001537583404400635
4,1790565994.0622604,-0.012549902343750023,0.03420087890625,0.019639160156249565,0.041387157167900035,-0.0023580265367053412,0.00010219859216062795,0.0005776494495118628,0.002429899707100595
5,1790565994.0822604,-0.09398056640625002,0.038990917968750004,0.04358935546874956,0.11069178134019873,-0.0030974975147749642,0.000276320789341556,0.0008459028706178176,0.00322279315178292
6,1790565994.1069229,-0.11793076171875003,0.015040722656250003,0.048379394531249564,0.12835284847948303,-0.004264548863328282,0.000558769821738353,0.0012971879882216237,0.004492359891881606
7,1790565994.1269228,0.011400292968749979,-0.028069628906249998,0.014849121093749565,0.03373969685644425,-0.005228798881404553,0.0007339200445624988,0.001703103812381057,0.00554793105308051
8,1790565994.137195,0.04972060546874998,-0.01848955078125,-0.004311035156250436,0.05322205483058635,-0.005602674356785718,0.0007745155519436698,0.0018884339066846177,0.005962886625477882
9,1790565994.157195,-0.09877060546875002,0.005460644531250003,0.03400927734374957,0.10460440759740586,-0.006294990853490449,0.0008221553497084772,0.002239691457194067,0.0067319437822972615
10,1790565994.182083,-0.17541123046875004,0.03420087890625,0.06753955078124957,0.19105075454510487,-0.007539060231451066,0.0009465771183225576,0.0028007775115361524,0.008098011612952002
11,1790565994.2020829,-0.012549902343750023,0.06773115234375,0.048379394531249564,0.08417585676344634,-0.008670781838091515,0.0011844631674246785,0.0033579139763072214,0.009373419704197757
12,1790565994.227328,0.10720107421874998,0.048570996093750006,0.024429199218749566,0.12019982424971501,-0.009705818868034621,0.0016599014787484275,0.004093532721518044,0.010663733068695362
13,1790565994.247328,-0.06045029296875003,0.03420087890625,0.048379394531249564,0.08464339225939604,-0.0103326814947839,0.0021042169411605812,0.00469810747228736,0.011544013584073747
14,1790565994.257378,-0.14188095703125003,0.019830761718750003,0.029219238281249567,0.14620953787009142,-0.010752940069883293,0.0023347230517961125,0.005014828517789534,0.012092359444621429
15,1790565994.277378,-0.03650009765625002,-0.0041194335937499976,0.005269042968749565,0.037107811520697816,-0.011731391742293151,0.0027481982191990837,0.005602304310240544,0.013287737175595126
16,1790565994.3014536,0.06888076171874997,-0.028069628906249998,-0.013891113281250436,0.07566654762893792,-0.01267408477676725,0.00311314757185188,0.006187846903148745,0.014443460874375577
17,1790565994.3214536,-0.007759863281250022,-0.028069628906249998,0.00047900390624956436,0.02912643112055578,-0.013248049542554357,0.003286633558341929,0.006581186889153712,0.015153375785572095
18,1790565994.3472958,-0.11314072265625003,0.005460644531250003,0.005269042968749565,0.11339490542207656,-0.014112756857693332,0.003433352271181885,0.007024330539232813,0.016133785466120428
19,1790565994.3672957,-0.06524033203125003,0.03420087890625,-0.013891113281250436,0.07495974966407143,-0.01494916582789271,0.003589361697253856,0.007302914338762995,0.017020388778839875
20,1790565994.3762753,0.03535048828124998,0.005460644531250003,-0.004311035156250436,0.03602860925067592,-0.01528849575845651,0.0036756105511866724,0.00739697218037221,0.017377094490090624
21,1790565994.3962753,0.04014052734374998,-0.023279589843749997,0.029219238281249567,0.054835801484650594,-0.015817674338415976,0.003812167363202115,0.007612403527463605,0.017963299500542405
22,1790565994.4210303,-0.06524033203125003,0.048570996093750006,0.048379394531249564,0.09463618969663311,-0.016421017989520965,0.004002793880531615,0.00798312794864094,0.018692311855588235
23,1790565994.4410303,-0.07961044921875003,0.07731123046875,0.053169433593749565,0.1230521785669945,-0.017052627698662812,0.004322525849196603,0.008390038356316269,0.019490230495472164
24,1790565994.46596,-0.012549902343750023,0.05336103515625001,0.03879931640624957,0.06715867088750699,-0.017894143393652202,0.004905609085775282,0.008993123327192373,0.020618963006735314
25,1790565994.48596,0.03056044921874998,0.043780957031250005,0.005269042968749565,0.05365143119088702,-0.018440969950140194,0.005448935262237177,0.009470478617182003,0.0214347902586549
26,1790565994.4960017,0.01619033203124998,0.024620800781250004,-0.013891113281250436,0.032577196174389415,-0.01863913154420778,0.005732327650088354,0.009667707553733574,0.021765600712012664
27,1790565994.5160017,-0.050870214843750025,-0.0041194335937499976,-0.018681152343750437,0.054348265329015,-0.01902662631663128,0.006242844992074745,0.009952745269744016,0.022361635919409175
28,1790565994.5418313,-0.07003037109375003,0.005460644531250003,-0.018681152343750437,0.0726846405172057,-0.01968621205700817,0.006805867232175708,0.010193268565281115,0.023189857653281208
29,1790565994.5618312,-0.022129980468750022,0.029410839843750005,-0.013891113281250436,0.0393407748278361,-0.02025856552565455,0.007228733230753804,0.01030271307020972,0.023849737061144165
30,1790565994.5859315,0.06888076171874997,0.038990917968750004,-0.037841308593750435,0.08773149750852573,-0.02076030340948962,0.0077854973350058535,0.01032130559300442,0.024456768297378008
31,1790565994.6059315,0.020980371093749978,-0.0041194335937499976,0.010059082031249564,0.02362902527985832,-0.02097943003066741,0.008230537353695833,0.010292747172727002,0.024775368289975664
32,1790565994.6159763,-0.06045029296875003,0.03420087890625,0.029219238281249567,0.0753505270300356,-0.021102711372777902,0.008443189335182968,0.010310146195428846,0.024958184789836642
33,1790565994.6359763,-0.03171005859375002,0.05815107421875001,0.03879931640624957,0.07676237491379419,-0.02144959485448394,0.008941612352459813,0.0104416202821469,0.025476753815973245
34,1790565994.6615813,0.05451064453124998,0.029410839843750005,-0.009101074218750437,0.06260381313835611,-0.021783292001837005,0.009652153719772301,0.010641723638233468,0.026094485315099572
35,1790565994.6815813,0.04972060546874998,-0.03764970703125,-0.02347119140625044,0.06663734593864683,-0.02184849787212733,0.010111547394719478,0.010725720536722697,0.02635604923003229
36,1790565994.7062886,-0.06524033203125003,-0.03285966796875,0.010059082031249564,0.07373766902930722,-0.02194572688867671,0.010463281917885078,0.010789069193808974,0.02659885732948554
37,1790565994.7262886,-0.07003037109375003,0.024620800781250004,0.019639160156249565,0.07678628339932309,-0.02221553162363889,0.010692936191648758,0.010877203850620139,0.026947769728263543
38,1790565994.7518044,0.08325087890624998,0.07252119140625,0.010059082031249564,0.11086576195091276,-0.022482814015616307,0.011127877545086878,0.011029612107774806,0.027403629831962303
39,1790565994.7718043,0.09283095703124998,0.03420087890625,-0.009101074218750437,0.0993484587360718,-0.022396769303221657,0.011577741632603477,0.011132591630347115,0.02756073244565765
40,1790565994.780868,-0.07961044921875003,0.019830761718750003,0.029219238281249567,0.08709102491585145,-0.022354637124586678,0.011787762679202556,0.011185936123993493,0.027637046096195085
41,1790565994.800868,-0.11793076171875003,0.05815107421875001,0.024429199218749566,0.13373854256282489,-0.02257192522231716,0.012298652400883563,0.011366462043274591,0.028105962330097125
42,1790565994.8261795,0.01619033203124998,0.06294111328125,-0.028261230468750436,0.07086894764262479,-0.022998810382906017,0.013078112740524962,0.011553386149489015,0.028869760016355377
43,1790565994.8461795,0.14073134765624998,-0.03285966796875,-0.03305126953125044,0.14824795583679443,-0.023050137662605143,0.013646745081198688,0.011586961628693592,0.029185615932528927
44,1790565994.8712983,-0.022129980468750022,-0.023279589843749997,0.005269042968749565,0.03254901154638977,-0.022881497612544804,0.01414802779277382,0.011570465899413131,0.029284898916463346
45,1790565994.8912983,-0.11314072265625003,0.05336103515625001,0.053169433593749565,0.13592355154573169,-0.022970270834356092,0.01453240929839822,0.01164695950929946,0.02957153915559862
46,1790565994.9013522,0.03535048828124998,0.10605146484375001,0.019639160156249565,0.11350007413597031,-0.023066859731066584,0.014816855154757396,0.011734545091789,0.029821448037293415
47,1790565994.9213521,0.15510146484374998,0.005460644531250003,-0.028261230468750436,0.15774973909005843,-0.02294450318082172,0.015465089540778975,0.011869709500297842,0.030108291621088537
48,1790565994.9462569,0.02577041015624998,-0.028069628906249998,-0.028261230468750436,0.04744170374431936,-0.02247715228916647,0.01610898419321733,0.011907198793213931,0.030108190411727215
49,1790565994.9662569,-0.10356064453125002,0.0006706054687500028,0.010059082031249564,0.1040501895180112,-0.02227482350120063,0.016507408613569214,0.011905485812776012,0.030172883415132697
50,1790565994.9914267,-0.012549902343750023,0.029410839843750005,0.019639160156249565,0.037525913190689916,-0.0222775748004849,0.016990396941510163,0.011959715925232121,0.030463071615211893
51,1790565995.0114267,0.13594130859374998,0.010250683593750004,0.00047900390624956436,0.13632807979672618,-0.02209434612440018,0.017376104619830746,0.012026520736858145,0.03057329461242572
52,1790565995.021646,0.08325087890624998,-0.0041194335937499976,0.014849121093749565,0.08466507526160508,-0.021846765958570432,0.01754832531530625,0.012067283791927766,0.03050974012238211
53,1790565995.041646,-0.055660253906250026,0.06773115234375,0.029219238281249567,0.09240853179472626,-0.021393527569528826,0.01793023393631538,0.012201196085086772,0.030463839166886407
54,1790565995.0816522,-0.026920019531250023,0.09168134765625001,0.024429199218749566,0.09862526417758492,-0.020870681878201756,0.019057890364294824,0.012589852364063,0.03094015077124679
55,1790565995.1016521,0.07367080078124998,0.024620800781250004,-0.004311035156250436,0.07779560233701549,-0.020578380785342312,0.019711523142923414,0.012785182905764365,0.031232591988088344
56,1790565995.1114547,0.020980371093749978,-0.028069628906249998,0.014849121093749565,0.03806016862052615,-0.02038701828923467,0.01998129756642224,0.012874307103174203,0.031315021164775574
57,1790565995.1314547,-0.06045029296875003,0.03420087890625,-0.009101074218750437,0.07004832324833257,-0.02011435544694307,0.02045834686354475,0.013037491528399978,0.031513607168779975
58,1790565995.1415138,-0.03171005859375002,0.07252119140625,-0.009101074218750437,0.07967233253103748,-0.020067317445901095,0.02074280635287925,0.013093522663553533,0.03169229528779202
59,1790565995.1615138,0.03056044921874998,0.05336103515625001,0.014849121093749565,0.06326007845912922,-0.019989547290944598,0.021412368139699402,0.013196837755743818,0.03212830585322466
60,1790565995.1860356,0.03535048828124998,0.038990917968750004,0.048379394531249564,0.07148786275290991,-0.019787277645246473,0.022280019054032058,0.013420796448653039,0.032681086012773204
61,1790565995.2060356,-0.012549902343750023,0.08210126953125,0.024429199218749566,0.08657311523764163,-0.019612851496831556,0.023063164180976283,0.013685270669772114,0.03322439042601625
62,1790565995.2316618,-0.007759863281250022,0.10126142578125001,-0.013891113281250436,0.10250392605938481,-0.01946191620410203,0.024268514786821592,0.013993567011574108,0.03411080342063321
63,1790565995.2516618,0.11678115234374999,-0.013699511718749998,0.06274951171874957,0.13327796286336238,-0.01919825646071123,0.025199467100440586,0.014271373210853075,0.03474562255307685
64,1790565995.2618058,0.23653212890625,0.010250683593750004,0.09627978515624958,0.2555823185370921,-0.018815786797135577,0.02559819559087967,0.014512130510863449,0.03492711528695902
65,1790565995.2818058,-0.07003037109375003,0.16353193359375,0.18729052734374957,0.25831122277814184,-0.017925066230011798,0.026527085062986788,0.01534096271308829,0.03550125882632349
66,1790565995.3067625,-0.30474228515625,0.21622236328125002,0.3357817382812496,0.5023637591510355,-0.017681795500191402,0.028223127948927014,0.017199134565959596,0.037483343943011276
67,1790565995.3267624,0.05930068359374998,0.19227216796875002,0.26872119140624956,0.3357026010636252,-0.01788424662270085,0.02999117807180247,0.019371635864500043,0.03993215891312335
68,1790565995.3513355,0.25090224609375,0.14916181640625,0.14897021484374956,0.3277091843068995,-0.017523979630256807,0.03246691053101006,0.022410300853941852,0.04316725293407555
69,1790565995.3713355,-0.046080175781250024,0.16353193359375,0.12022998046874957,0.208137752722704,-0.016967509395636415,0.034648694837392253,0.024916288985095358,0.045926570586257875
70,1790565995.3969166,-0.25205185546875003,0.03420087890625,0.12502001953124958,0.2834251986799933,-0.016934507058298683,0.037400094926879235,0.028111328771647077,0.04975732544213745
71,1790565995.4169166,-0.18499130859375004,0.015040722656250003,-0.10969189453125044,0.2155929482128422,-0.01756813941201859,0.03930240551565075,0.030257590813770427,0.05261977198326063
72,1790565995.4268174,-0.09398056640625002,-0.17177080078125,-0.20070263671875044,0.28039098282386,-0.018041915776935175,0.039986487226854155,0.030930218405262215,0.053675956407339534
73,1790565995.4468174,-0.09398056640625002,-0.03764970703125,-0.18633251953125043,0.21206049876495706,-0.019137345384249403,0.040846945506065435,0.03150458790005531,0.0550204507822668
74,1790565995.4719603,-0.050870214843750025,0.11084150390625001,-0.13843212890625045,0.18449138749536592,-0.020581041394183822,0.041904428475586085,0.03150592998262322,0.056322144976950005
75,1790565995.4919603,-0.007759863281250022,0.13479169921875,-0.09053173828125044,0.16255772295602103,-0.021645118888749502,0.042987878487641795,0.03116339193750023,0.05733782229581632
76,1790565995.5164876,-0.046080175781250024,0.024620800781250004,-0.009101074218750437,0.05303202789896032,-0.022853367100846293,0.04441052648537904,0.030623046887077274,0.05858619505653811
77,1790565995.5364876,-0.07482041015625003,-0.013699511718749998,0.005269042968749565,0.07624652917404293,-0.023872159780965286,0.04541295178072481,0.030242783393292175,0.0595553704498592
78,1790565995.5465355,-0.08440048828125003,0.029410839843750005,0.014849121093749565,0.09060318051638683,-0.02442720946292525,0.045852864117366776,0.03009555784512841,0.060040955288209706
79,1790565995.5665355,-0.002969824218750022,0.038990917968750004,-0.018681152343750437,0.04333701642737394,-0.025497348969982573,0.04669975085637877,0.02984072006419275,0.06100368930232365
80,1790565995.5914178,0.020980371093749978,-0.008909472656249997,0.014849121093749565,0.027203879714128354,-0.026595410114930742,0.0476514703320079,0.029564078011453346,0.06206458871732647
81,1790565995.6114178,0.006610253906249979,-0.03285966796875,0.06753955078124957,0.0753992317961833,-0.02730423658538239,0.04823904615595417,0.02949865476949764,0.06279090334401008
82,1790565995.6365016,-0.007759863281250022,-0.04243974609375,0.11543994140624957,0.1232384988488743,-0.028062052063726424,0.0487237786784721,0.02977314586178893,0.06362331010913676
83,1790565995.6565015,-0.017339941406250024,-0.028069628906249998,0.16813037109374956,0.17133709265371788,-0.028613294610308707,0.048946531588267235,0.03038453126262328,0.06432498210669704
84,1790565995.6660469,0.01619033203124998,-0.04722978515625,0.13939013671874956,0.14806211423473375,-0.028837743900789706,0.04898299045473494,0.030852709873899344,0.06467486786796858
85,1790565995.6860468,-0.002969824218750022,-0.06638994140625,0.13939013671874956,0.15442167720332298,-0.029217651648444018,0.048877493343381984,0.032104694110896094,0.06537118560448771
86,1790565995.7118795,-0.022129980468750022,-0.13824052734375,0.12502001953124958,0.1876970557025852,-0.02968337770113531,0.048365208153606155,0.03399151477142162,0.0661492203124548
87,1790565995.7318795,-0.09398056640625002,-0.12387041015625,0.10106982421874956,0.18544900846843615,-0.030164028923487417,0.0476349168605174,0.03557233045256591,0.06666591812187048
88,1790565995.756069,-0.12272080078125003,-0.09034013671875,0.14897021484374956,0.21310527951542307,-0.03105130599566399,0.046495515299833916,0.03765111886667186,0.0674064039906128
89,1790565995.776069,-0.03650009765625002,-0.08076005859375,0.12022998046874957,0.14936429424898584,-0.031913701603371654,0.04543811160556975,0.0395158588499457,0.06815137149726402
90,1790565995.7868834,-0.07003037109375003,-0.06159990234375,0.16813037109374956,0.1922670604352441,-0.032396475348694595,0.044836648822651204,0.04060680271227304,0.06862047157501755
91,1790565995.8068833,-0.31911240234375005,-0.11429033203125,0.22082080078124958,0.40454521549894157,-0.033739095996868584,0.04362733077650096,0.04290516264921659,0.06987505686097058
92,1790565995.8319583,-0.42928330078125004,-0.11908037109375,0.23519091796874958,0.5037648806779345,-0.03657735840926084,0.04189969448212185,0.046212080045620094,0.07231212822229391
93,1790565995.8519583,-0.45323349609375,0.038990917968750004,0.14897021484374956,0.47867840830353103,-0.03982537937191267,0.04060828076593885,0.0490303006366594,0.07509369939883964
94,1790565995.8763497,-0.32390244140625,0.07731123046875,0.07232958984374957,0.34076588366866545,-0.04461405318271217,0.03948231280613887,0.052356605756968835,0.07931255217367758
95,1790565995.8963497,-0.39575302734375006,0.09647138671875001,0.053169433593749565,0.4107970006899536,-0.04903107787724362,0.03895822517122186,0.05486317547151363,0.08325717944486258
96,1790565995.9064343,-0.33348251953125,0.29286298828125,0.010059082031249564,0.4439375022108918,-0.05147575729416725,0.03902807466420528,0.0559853068012109,0.08548273965326864
97,1790565995.9264343,-0.26642197265625006,0.37429365234375,0.03879931640624957,0.4610659309171129,-0.05649668795163999,0.04014655620925981,0.05795020722827339,0.09034294794154146
98,1790565995.9516375,-0.29516220703125,0.24975263671875,0.20645068359374957,0.43831380626652966,-0.06293632869456456,0.04252420309867959,0.06051846903222767,0.09711732292816107
99,1790565995.9716375,-0.34306259765625,0.33118330078125,0.19208056640624957,0.5140712680338824,-0.0682373065348838,0.04499936734995108,0.0628485993474688,0.10310780525726554
100,1790565995.9969995,-0.31432236328125,0.27849287109375004,0.14418017578124956,0.4440098539413987,-0.07520160534281263,0.04882701007278486,0.06599983446356543,0.11133434559021767
101,1790565996.0169995,-0.29037216796875004,0.22101240234375003,0.14897021484374956,0.39415048246985634,-0.08077676779015391,0.052141909817750916,0.06855181082032757,0.1180805476817113
102,1790565996.02635,-0.20894150390625002,0.30723310546875005,0.17771044921874957,0.4118613078599486,-0.0833424914860236,0.053829698678266605,0.06979505977418682,0.1213052254264968
103,1790565996.04635,-0.31911240234375005,0.37908369140625003,0.24477099609374958,0.5526753214578292,-0.08879925078272329,0.057927700337681895,0.07268910170500897,0.12854816573046227
104,1790565996.0714087,-0.48676376953125006,0.49404462890625,0.24477099609374958,0.7354807293247816,-0.09612525556707252,0.06393302540550833,0.07669129795168927,0.13859672318222807
105,1790565996.0914087,-0.42449326171875007,0.44614423828125005,0.22082080078124958,0.65421788163719,-0.10246213954149717,0.06941735110699752,0.08010479572077432,0.1474246823689995
106,1790565996.1164122,-0.30474228515625,0.22580244140625003,0.15376025390624956,0.40926375186252506,-0.11056351423749462,0.07650532599796893,0.08443457455978763,0.15876571723042893
107,1790565996.1364121,-0.32869248046875005,0.11084150390625001,0.08669970703124957,0.3575491922857656,-0.11702183858688102,0.08182944795324884,0.08773910668463752,0.16759570430176812
108,1790565996.1760895,-0.48197373046875003,0.24017255859375,0.053169433593749565,0.5411178461593295,-0.13032483187732033,0.09185201219831043,0.09372773032154053,0.1849492940780197
109,1790565996.1960895,-0.5346641601562501,0.47009443359375,0.053169433593749565,0.7139198339590357,-0.13754952503460544,0.09721163228611364,0.09645309591463198,0.19409578305695702
110,1790565996.1916225,-0.43886337890625005,0.53715498046875,0.019639160156249565,0.6939180319022102,-0.13754952503460544,0.09721163228611364,0.09645309591463198,0.19409578305695702
111,1790565996.2116225,-0.43407333984375,0.53715498046875,0.048379394531249564,0.6923118540229549,-0.14532001609868164,0.1039796629823251,0.09861703115887123,0.2040955566087336
112,1790565996.2363102,-0.41970322265625004,0.45093427734375,0.15376025390624956,0.6349289198586612,-0.1550538947455491,0.11291042007518037,0.10126177755519794,0.21689725869857346
113,1790565996.2563102,-0.37659287109375006,0.56589521484375,0.10106982421874956,0.6872224487815403,-0.16295108161990937,0.12058537763914702,0.10346519332778013,0.2275937928235939
114,1790565996.2819867,-0.31432236328125,0.71917646484375,0.09148974609374957,0.790179542435871,-0.17289942195293817,0.131435398685124,0.10624049382018277,0.24177782500951975
115,1790565996.3019867,-0.29037216796875004,0.73354658203125,0.15376025390624956,0.803771609116617,-0.18039309648523627,0.14079810284630365,0.10844584958304904,0.2532316672859841
116,1790565996.3120437,-0.32390244140625,0.7095963867187499,0.15376025390624956,0.7950358729482269,-0.18405938659974544,0.14588844982753618,0.10962042097523975,0.25918706426699784
117,1790565996.3320436,-0.30953232421875004,0.7670768554687499,0.06274951171874957,0.8295508803883149,-0.1912069170716679,0.15670801686526029,0.11193064312616448,0.2713778851648217
118,1790565996.3569427,-0.26642197265625006,0.68085615234375,0.00047900390624956436,0.7311265260836359,-0.19984604813316406,0.1708612844153796,0.11449341498140171,0.28677650451286907
119,1790565996.3769426,-0.36222275390625003,0.63774580078125,0.010059082031249564,0.7335027027849707,-0.20668744611788106,0.1825024354679164,0.11625897387981635,0.2992373444977094
120,1790565996.4014537,-0.36701279296875006,0.6856461914062499,-0.02347119140625044,0.7780488331837837,-0.2151548630083963,0.19706212111276664,0.11807354073839366,0.31474824173635285
121,1790565996.4214537,-0.34306259765625,0.73354658203125,-0.07137158203125044,0.8129430709723942,-0.22209265955808363,0.20928896305908992,0.11918979259487078,0.327617499756561
122,1790565996.4315636,-0.31911240234375005,0.8245573242187499,-0.11927197265625045,0.8921621543832138,-0.2255757203672992,0.21572390592864366,0.11952485982645436,0.3342265718414229
123,1790565996.4515636,-0.36701279296875006,0.75270673828125,-0.07616162109375044,0.8408724139751219,-0.23246173750574547,0.22891027365823396,0.11979513138128764,0.34754747343800046
124,1790565996.4766498,-0.36701279296875006,0.74312666015625,-0.042631347656250436,0.8299114742192044,-0.24118439573719613,0.24578344532687657,0.11985978041844286,0.3646173085658764
125,1790565996.4966497,-0.29037216796875004,0.82934736328125,-0.07137158203125044,0.8816047570391605,-0.24808150135027618,0.2595764905613917,0.1197325864946494,0.37849739501491164
126,1790565996.5219536,-0.33827255859375005,0.9059879882812499,0.005269042968749565,0.9670937501717581,-0.2566917814771727,0.27770302668350116,0.11947035172758669,0.3965889643560638
127,1790565996.5419536,-0.31911240234375005,0.91077802734375,0.010059082031249564,0.9651168455441462,-0.26346253804560876,0.2926061987531588,0.11931716562629054,0.4114212956511835
128,1790565996.5512092,-0.16583115234375004,0.85329755859375,0.04358935546874956,0.8703543683465323,-0.2664625544167047,0.2996931656605724,0.1192941488418011,0.41838902996830646
129,1790565996.5712092,-0.07482041015625003,0.8868278320312499,0.08190966796874957,0.8937398341508266,-0.2723337054794618,0.31532008730463773,0.11944012193182259,0.4334262882256535
130,1790565996.5966344,-0.16583115234375004,0.9443083007812499,0.20166064453124957,0.9797372880342906,-0.2791368020106365,0.33569787348534696,0.1201385936450169,0.45281751090512373
131,1790565996.6166344,-0.13709091796875003,0.91556806640625,0.16334033203124956,0.9400738630982529,-0.28413992177518466,0.3521128326061848,0.1211531119488976,0.46839835457360574
132,1790565996.6412864,-0.002969824218750022,0.87724775390625,0.07711962890624957,0.8806360648713454,-0.2896407046354584,0.3726257065279825,0.12266062061591665,0.48763437409301325
133,1790565996.6612864,0.09283095703124998,0.7862370117187499,0.27830126953124956,0.839188787938967,-0.2932992443706574,0.38926657725254266,0.12423332708750472,0.5029779661909052
134,1790565996.6713326,0.05451064453124998,0.67606611328125,0.37889208984374956,0.776914419766162,-0.29475029835800437,0.39747345833265063,0.12539999325309062,0.5104782529833423
135,1790565996.6913326,-0.12272080078125003,0.64253583984375,-0.24381298828125045,0.6981099295116332,-0.2973080480906508,0.41333882318086745,0.1275768128720234,0.5248970388472395
136,1790565996.716461,-0.39096298828125003,0.50841474609375,-0.5599555664062504,0.8514034581799171,-0.3010077160888692,0.4324514558360832,0.12838675736541985,0.5423127015538104
137,1790565996.736461,-0.33827255859375005,0.23059248046875003,-0.19591259765625044,0.4538534585818564,-0.3046044887542877,0.44649015231919476,0.1278009044453867,0.555401135994821
138,1790565996.7616777,-0.20415146484375002,0.47967451171875003,0.005269042968749565,0.5213379140291609,-0.30948507236524714,0.46287894538680885,0.12681247984113111,0.5710685888251812
139,1790565996.7816777,-0.18020126953125004,0.61379560546875,-0.15759228515625046,0.6588268901420103,-0.31335185913808405,0.4755676967588174,0.1259176461606096,0.5832746140887743
140,1790565996.806318,-0.19936142578125005,0.6281657226562499,-0.20549267578125044,0.6903364346530753,-0.3181026560009638,0.49115071787140446,0.1243095734321007,0.5982233675370215
141,1790565996.826318,-0.002969824218750022,0.58984541015625,-0.09532177734375044,0.5975053715024298,-0.3216838480049013,0.5037288548777359,0.12274890196484724,0.6101561687283439
142,1790565996.8363662,0.13115126953124998,0.65211591796875,0.010059082031249564,0.665249585568601,-0.32311658569252416,0.5100362644800094,0.1220181672362893,0.6159786945747551
143,1790565996.8563662,0.11678115234374999,0.69522626953125,0.053169433593749565,0.7069684519536586,-0.3251686674503135,0.5227284790041609,0.1208767149513375,0.6273682373780513
144,1790565996.8811877,0.13594130859374998,0.7287565429687499,0.029219238281249567,0.7419028926939705,-0.32686296883996796,0.5387686004246361,0.11982595503366755,0.6414587006987509
145,1790565996.9011877,0.05930068359374998,0.6856461914062499,0.08190966796874957,0.6930631028783258,-0.32773051437058415,0.551875903851046,0.11927299441465507,0.6528402181986455
146,1790565996.9264996,0.011400292968749979,0.55152509765625,0.13939013671874956,0.568981115889606,-0.32852956562948027,0.5683248414801334,0.11909825684785177,0.6671650438387121
147,1790565996.9464996,-0.03171005859375002,0.49404462890625,0.09627978515624958,0.5043366139760893,-0.3290966882355852,0.580940613189094,0.11933440432818966,0.6782605150799466
148,1790565996.9562733,-0.012549902343750023,0.46051435546875,-0.05221142578125044,0.4636345593500844,-0.32936470574935345,0.586880722792033,0.119464799629428,0.6835070815498232
149,1790565996.9762733,-0.11793076171875003,0.34076337890625,-0.037841308593750435,0.36257317826785884,-0.330026604038082,0.5984145948514791,0.11955652431584998,0.6937660623082217
150,1790565997.0017147,-0.25205185546875003,0.20185224609375002,0.053169433593749565,0.32726358759723273,-0.3314482546709297,0.6119210873986917,0.11968495031214274,0.7061372742313089
151,1790565997.0217147,-0.21373154296875002,0.20185224609375002,0.03400927734374957,0.29594278612316016,-0.33309687800292315,0.6215517003845087,0.11990153268051572,0.715301631429221
152,1790565997.0466208,-0.012549902343750023,0.21622236328125002,-0.13843212890625045,0.25704681430681703,-0.33526465192384247,0.6325267743923605,0.1199357299709629,0.7258629942878251
153,1790565997.0666208,-0.022129980468750022,0.25933271484375003,-0.20549267578125044,0.33161790184414824,-0.3367963106234465,0.6407312688301154,0.11944318500829869,0.733645001449026
154,1790565997.0763307,-0.10835068359375002,0.34555341796875,-0.05221142578125044,0.3658866877699018,-0.337523398672171,0.6445575051285266,0.11905225745097317,0.7372583414739345
155,1790565997.0963306,-0.050870214843750025,0.38866376953125004,-0.009101074218750437,0.3920843455896003,-0.3390352158905476,0.6523578061745823,0.11827585263701569,0.7446507652637424
156,1790565997.1218958,0.04493056640624998,0.38387373046875,-0.05700146484375044,0.3906750103806414,-0.3406892238324111,0.6623142403418603,0.11730552934670811,0.7539826837603484
157,1790565997.1418958,-0.04129013671875002,0.39824384765625004,-0.02347119140625044,0.40106599757687816,-0.3417836241779002,0.6701081174691397,0.11653958734243758,0.7612111469705104
158,1790565997.1669788,-0.13230087890625003,0.55152509765625,0.005269042968749565,0.5671959262176597,-0.3432768537846879,0.6802033680001793,0.11568882678132521,0.7706487687819535
159,1790565997.1869788,-0.03171005859375002,0.73833662109375,0.05795947265624957,0.7412865804361666,-0.34453490253978075,0.6889801892080181,0.11520706864910293,0.7788906655339578
160,1790565997.1968575,0.09762099609374998,0.81018720703125,0.08669970703124957,0.8206399993387709,-0.345014251495874,0.6938123686073784,0.1151119838032362,0.7833653077478958
161,1790565997.2168574,-0.017339941406250024,0.71438642578125,0.13939013671874956,0.7280647286628801,-0.3457187338890712,0.704414846196296,0.11528748827311193,0.7931033497949285
162,1790565997.2565851,-0.18499130859375004,0.6042155273437501,0.17771044921874957,0.6564138873455099,-0.34751106338450566,0.7262452453738575,0.1165286404762113,0.8134955560136751
163,1790565997.276585,-0.16104111328125004,0.57547529296875,0.20645068359374957,0.6322404113473447,-0.3487970721491282,0.7373562858616584,0.11763598646686504,0.824131006061255
164,1790565997.301267,-0.055660253906250026,0.49883466796875003,0.2830913085937496,0.5762592982622692,-0.35054721035932485,0.7510002137374607,0.1197037763618539,0.8373850140763837
165,1790565997.321267,-0.13709091796875003,0.43656416015625005,0.3357817382812496,0.5675663498531462,-0.3520417721535137,0.7618007812878901,0.12205630796989668,0.8480398469571275
166,1790565997.316796,-0.15146103515625003,0.42698408203125005,0.17771044921874957,0.48665886947655834,-0.3520417721535137,0.7618007812878901,0.12205630796989668,0.8480398469571275
167,1790565997.336796,-0.046080175781250024,0.32639326171875,0.019639160156249565,0.33021453709229426,-0.35378580797301046,0.7718352792397561,0.12470673810314871,0.8581642422814851
168,1790565997.3621008,-0.055660253906250026,0.20185224609375002,-0.018681152343750437,0.2102174554381497,-0.35585452868681533,0.7836294638599465,0.127558974033575,0.8700453287460607
169,1790565997.3821008,-0.15146103515625003,0.24975263671875,-0.018681152343750437,0.29268722242602446,-0.35755499512784794,0.7922303076885113,0.1294190878600616,0.8787626159911669
170,1790565997.4067237,-0.18978134765625004,0.28328291015625,-0.037841308593750435,0.34307161313770035,-0.3599646694288778,0.8022152423034923,0.13126126934504612,0.8890182107533933
171,1790565997.4267237,-0.07003037109375003,0.27849287109375004,-0.07137158203125044,0.2958993660811255,-0.36201805726214265,0.8099516345120079,0.1323693163360078,0.896995183899998
172,1790565997.4362888,-0.09877060546875002,0.27370283203125,-0.009101074218750437,0.2911214563005024,-0.36297389096968385,0.8134927516065295,0.13276202736669315,0.9006365850622265
173,1790565997.4562888,-0.18978134765625004,0.40782392578125004,0.08190966796874957,0.45721604090911305,-0.3651055122359946,0.8208086329890193,0.1335692015652652,0.9082233088074723
174,1790565997.4813356,-0.19457138671875004,0.47967451171875003,0.11064990234374956,0.5293288794416567,-0.36809661527951804,0.8302634999542847,0.1347901567571881,0.9181508502937867
175,1790565997.5013356,-0.08440048828125003,0.47009443359375,0.09148974609374957,0.4862947589253259,-0.37054521832683535,0.8381054357411193,0.13592206251715813,0.926390461588747
176,1790565997.5271745,-0.09877060546875002,0.47967451171875003,0.10106982421874956,0.5000583756571763,-0.37358912709068676,0.8485576456389453,0.13753823124592462,0.9373023412469151
177,1790565997.5471745,-0.22331162109375002,0.48446455078125,0.12981005859374958,0.5490215227031721,-0.3760749085932821,0.8568806057098877,0.13894786586945396,0.9460355272107202
178,1790565997.5715044,-0.22810166015625002,0.47488447265625,0.13460009765624958,0.5437488538149887,-0.3794689738010233,0.8672372925831732,0.14088793921884515,0.9570510096864885
179,1790565997.5915043,-0.16104111328125004,0.42698408203125005,0.09148974609374957,0.46542455899450824,-0.3824242159248361,0.8758266016147039,0.14258265730425923,0.966255831126328
180,1790565997.6020484,-0.20415146484375002,0.37908369140625003,0.10106982421874956,0.44226392013779153,-0.3840373240124129,0.880313111080605,0.14349437653681016,0.9710955029618438
181,1790565997.6220484,-0.30474228515625,0.35034345703125,0.11543994140624957,0.47847129309786063,-0.38740144643694835,0.8886407619660953,0.1452890879102482,0.9802403805163885
182,1790565997.6471393,-0.31911240234375005,0.40303388671875,0.09148974609374957,0.5221488416280557,-0.3921628132815765,0.8989388034486803,0.14759231091070982,0.991799442783988
183,1790565997.6671393,-0.23289169921875003,0.39345380859375,0.03400927734374957,0.45847690673289976,-0.3962168110639948,0.9071108168142545,0.14934107333359675,1.0010697036348548
184,1790565997.691244,-0.23289169921875003,0.34555341796875,0.005269042968749565,0.41674149187318615,-0.4012119779999134,0.9168186156965759,0.15120359557969898,1.0121215108348491
185,1790565997.7112439,-0.27600205078125006,0.34076337890625,-0.05700146484375044,0.44220581117099034,-0.4054982045613779,0.9246946028820143,0.15243955768206466,1.0211399126701153
186,1790565997.7221477,-0.33827255859375005,0.42219404296875,0.024429199218749566,0.5415467843043019,-0.40798684575320676,0.9289683783681633,0.15298568193769715,1.02607998381879
187,1790565997.7421477,-0.29995224609375004,0.39824384765625004,0.17771044921874957,0.529292467256308,-0.4128241801179435,0.9368622045571184,0.1541403441410834,1.0353230605514434
188,1790565997.7669094,-0.25684189453125006,0.40782392578125004,0.2639311523437496,0.5494977401259553,-0.41894889339128477,0.9466664175455265,0.1561756626163867,1.0469414114342457
189,1790565997.7869093,-0.16104111328125004,0.44135419921875,0.19208056640624957,0.5075654768853316,-0.42378060323601086,0.9546712083707946,0.15825701548911308,1.0564243459532499
190,1790565997.811173,-0.07482041015625003,0.40303388671875,0.11543994140624957,0.4258647528164899,-0.4291922999439321,0.9644623808861295,0.16096293372932965,1.0678496057546945
191,1790565997.831173,-0.07482041015625003,0.32160322265625,0.14418017578124956,0.3602980012255786,-0.43320839447874315,0.9724093906676959,0.16324822925780222,1.076986313961964
192,1790565997.8409984,-0.10356064453125002,0.28328291015625,0.2639311523437496,0.4007913016269459,-0.4350168972449259,0.9761736718953284,0.1645032707042418,1.0813029476805305
193,1790565997.8609984,-0.06524033203125003,0.40303388671875,0.18250048828124957,0.4472125255290425,-0.43839916239752574,0.9837160897598726,0.16734438499299778,1.0899061033098174
194,1790565997.8870919,0.04014052734374998,0.38866376953125004,0.029219238281249567,0.3918220917296668,-0.44219912739601946,0.9936297968997901,0.17090944498953647,1.1009315509801463
195,1790565997.9070919,0.04972060546874998,0.29765302734375004,0.00047900390624956436,0.30177755506303067,-0.4445400246185583,1.0011180815695178,0.17327663977789004,1.1089986657458235
196,1790565997.9316955,-0.12751083984375003,0.32639326171875,0.12502001953124958,0.37205050847520277,-0.447131337697247,1.0100997721864935,0.175983486633332,1.1185696985390583
197,1790565997.9516954,-0.21373154296875002,0.44135419921875,0.19687060546874957,0.5284247694094768,-0.4494336814808392,1.0174573362132615,0.1783366314472334,1.126505223769314
198,1790565997.9616382,-0.12272080078125003,0.7095963867187499,0.12022998046874957,0.7300977161943549,-0.45065747370423254,1.0214246810441423,0.1795674598111307,1.1307718648227107
199,1790565997.9816382,-0.15146103515625003,0.78144697265625,0.15855029296874956,0.8116267686841637,-0.45316116577874105,1.0304445445571795,0.18209007981202902,1.1403191652969584
200,1790565998.006559,-0.24247177734375003,0.75270673828125,0.23040087890624958,0.82367746215555,-0.4565491844458864,1.042865174271383,0.18548883468122707,1.1534344529784455
201,1790565998.0265589,-0.24726181640625003,0.7095963867187499,0.18250048828124957,0.7732864062685431,-0.45959496551671514,1.0535315223712256,0.1884266913631986,1.1647578370529321
202,1790565998.0512645,-0.24726181640625003,0.74312666015625,0.08669970703124957,0.7879673077525521,-0.4637093229353112,1.0674228773752095,0.19201022201630225,1.1795278125927535
203,1790565998.0712645,-0.20415146484375002,0.57547529296875,0.17771044921874957,0.6359486120567033,-0.4672175360656356,1.0789594350391072,0.19487266824685348,1.191814182369383
204,1790565998.0817404,-0.19936142578125005,0.65690595703125,0.23040087890624958,0.7241235940593619,-0.46909651675624164,1.0850640699992782,0.1964677502748838,1.1983384976434295
205,1790565998.1017404,-0.18020126953125004,0.7287565429687499,0.25914111328124956,0.794174233435638,-0.47271502268780247,1.097049009274493,0.1997905214115655,1.2111532825661586
206,1790565998.1265583,-0.19457138671875004,0.7862370117187499,0.23040087890624958,0.8420874230902985,-0.4772292725565162,1.1125102139046503,0.20420646639883486,1.2276510235185287
207,1790565998.1465583,-0.23289169921875003,0.7287565429687499,0.15376025390624956,0.7803632860188096,-0.48096267179050395,1.1253734356359018,0.20780757513954717,1.2413599194335991
208,1790565998.1716454,-0.29995224609375004,0.77665693359375,0.13460009765624958,0.8433768604396281,-0.48594579918887226,1.1419207345887776,0.21218964978578475,1.2590276928285966
209,1790565998.1916454,-0.09877060546875002,0.6042155273437501,0.2543510742187496,0.6629679516720106,-0.48992063922476453,1.155205119357792,0.2157425361499776,1.2732108790115158
210,1790565998.2156403,0.08325087890624998,0.5611051757812501,0.14418017578124956,0.5852842473665959,-0.49400205180260964,1.1708494716414846,0.22008292151538686,1.2897143112996303
211,1790565998.2356403,-0.002969824218750022,0.48925458984375003,0.05795947265624957,0.49268465980752524,-0.49677323989384975,1.1835087602625136,0.22346121795617135,1.3028474789564586
212,1790565998.2464778,-0.25684189453125006,0.5419450195312501,0.048379394531249564,0.6016749361543483,-0.49826081877865774,1.190177760776728,0.22510368355193283,1.3097551733534532
213,1790565998.2664778,-0.21373154296875002,0.6281657226562499,0.03400927734374957,0.6644019705912193,-0.5013001212831601,1.2023940394929276,0.22780366754671713,1.32247788214184
214,1790565998.2915688,-0.012549902343750023,0.5419450195312501,0.14418017578124956,0.5609365626627282,-0.5049669500543474,1.2176229973986876,0.2310181582393659,1.3382700676162727
215,1790565998.3115687,0.06409072265624999,0.65211591796875,0.17292041015624957,0.6776903861258704,-0.5073740435247414,1.2297322382427847,0.23367173843695538,1.3506562401885995
216,1790565998.3361018,0.12157119140624999,0.8245573242187499,0.04358935546874956,0.8346103087147323,-0.5095421976117759,1.2450750432416207,0.23683687996389335,1.3659929802752258
217,1790565998.3561018,0.09283095703124998,0.93951826171875,-0.042631347656250436,0.9450553330304778,-0.5107230010135071,1.2583528371951074,0.2390315783549102,1.3789220217590474
218,1790565998.3660994,0.04972060546874998,0.9443083007812499,-0.03305126953125044,0.9461937919634529,-0.5111178347310958,1.2654070859331479,0.23990735441105804,1.3856594360846888
219,1790565998.3860993,0.04493056640624998,0.89640791015625,0.06274951171874957,0.8997240679281752,-0.5116472354975796,1.28016324032436,0.24144107607447635,1.399605161710288
220,1790565998.4267073,0.11199111328124998,0.9251481445312499,0.08669970703124957,0.9359262460166895,-0.5120829759606924,1.3111777031750027,0.244543193928757,1.4287117684364863
221,1790565998.4467072,0.29401259765625,0.97783857421875,0.014849121093749565,1.0211915497143476,-0.5116563880780686,1.3270159838333673,0.24599417849968322,1.4433560948934498
222,1790565998.4562657,0.36107314453125,0.96825849609375,-0.07137158203125044,1.0358533842591136,-0.5110134737568779,1.3348451566184836,0.24654309785854506,1.4504240282105725
223,1790565998.4762657,0.22695205078125,0.99220869140625,0.019639160156249565,1.0180230926985698,-0.5089879935351427,1.3517102837692525,0.2474417695832629,1.4654067347139428
224,1790565998.4868171,0.13115126953124998,1.03052900390625,0.15855029296874956,1.0508705337919333,-0.5077963046605545,1.3608739451455902,0.24798577920163842,1.4735440028344187
225,1790565998.506817,0.30359267578125,0.97783857421875,0.15855029296874956,1.0360863793230048,-0.5052241986063201,1.3786505361082217,0.2493379112841049,1.4893280986983377
226,1790565998.532048,0.50956435546875,0.79581708984375,0.029219238281249567,0.9454281764033661,-0.5009273439239575,1.4010689342423794,0.2511431402792981,1.5089715833305593
227,1790565998.552048,0.48082412109375,0.7095963867187499,-0.16238232421875046,0.8724029382622266,-0.49654664177559366,1.4184320480892434,0.2521597171944935,1.5238413846200898
228,1790565998.5919213,0.27006240234375,0.60900556640625,-0.32045361328125044,0.7392644989031221,-0.4868774908236775,1.451799201044864,0.2524385063472919,1.5519329272594602
229,1790565998.6119213,0.18863173828125,0.48446455078125,-0.3731440429687505,0.6399408648099831,-0.48206701356236054,1.4676654702976832,0.2515169724431295,1.5651489787544222
230,1790565998.605939,0.23174208984375,0.40303388671875,-0.31566357421875046,0.5619467965362268,-0.48206701356236054,1.4676654702976832,0.2515169724431295,1.5651489787544222
231,1790565998.625939,0.27006240234375,0.46530439453125005,-0.27734326171875046,0.605277759008677,-0.4773027616009026,1.4815629154412246,0.2490834259174,1.5763531177084968
232,1790565998.6509864,0.24132216796875,0.5227848632812501,-0.28213330078125043,0.6412016854616467,-0.4712704435511795,1.4982132349405457,0.24544184993917595,1.5896478949809938
233,1790565998.6709864,0.21737197265625,0.55152509765625,-0.33961376953125044,0.6832042302975231,-0.46648821624891773,1.5111254150636069,0.24203766092138346,1.5999042175250835
234,1790565998.696357,0.29401259765625,0.40782392578125004,-0.41625439453125046,0.6527108724288146,-0.4603587128701134,1.5268734361988905,0.23692882718217192,1.6122679379790303
235,1790565998.716357,0.23174208984375,0.33118330078125,-0.43062451171875044,0.5906134480474728,-0.4554629076597392,1.5385341649588646,0.23223525247881852,1.6212547762438312
236,1790565998.7259834,0.21737197265625,0.30723310546875005,-0.33961376953125044,0.5069322124778292,-0.45313567552757017,1.5437657478344942,0.22975891228895184,1.6252180722595428
237,1790565998.7459834,0.26048232421875,0.38387373046875,-0.29650341796875046,0.5505673065498423,-0.44830905561774426,1.5540412637705414,0.2244315768224677,1.6329099153123647
238,1790565998.7714357,0.35149306640625,0.45572431640625005,-0.31566357421875046,0.6564110909972264,-0.4419197535532241,1.5667592990113735,0.2175002714740701,1.6423562761199066
239,1790565998.7914357,0.25569228515625,0.49404462890625,-0.42104443359375043,0.6976654320659879,-0.43674147563069204,1.5766784978233501,0.21176569847100188,1.6496978247798841
240,1790565998.8160205,0.21258193359375,0.44614423828125005,-0.44020458984375044,0.6618276518562207,-0.4304675015735514,1.588776184244789,0.20418588777879768,1.6586753480721965
241,1790565998.8360205,0.26527236328125,0.31681318359375,-0.3827241210937505,0.5632208917348596,-0.4254123659532702,1.598285980090291,0.19771017543722338,1.665707978227444
242,1790565998.8461108,0.36107314453125,0.25933271484375003,-0.38751416015625045,0.5897410423325808,-0.4227705164644938,1.6028001776679175,0.1943502307117765,1.668974335123726
243,1790565998.8661108,0.38981337890625,0.15874189453125,-0.30129345703125043,0.517620717034703,-0.41719326250697053,1.6110327018022468,0.1876562652325208,1.6747213076922605
244,1790565998.8916874,0.38502333984375,0.10126142578125001,-0.18633251953125043,0.4395641664314224,-0.40964442684821906,1.6204802562757457,0.17944449764077178,1.6810607202480405
245,1790565998.9116874,0.30359267578125,0.17790205078125002,-0.21986279296875044,0.41491842594926204,-0.40359402195128874,1.627178503695547,0.17337709266713075,1.6854250602460508
246,1790565998.9366913,0.27006240234375,0.13958173828125,-0.35877392578125045,0.47025045735414556,-0.3960886836752978,1.6348918866751838,0.16584434693030956,1.6903437738698934
247,1790565998.9566913,0.30359267578125,-0.15261064453125,-0.29650341796875046,0.45096873337229737,-0.3901253748136161,1.6401166185402685,0.1597399706457889,1.6934276449578076
248,1790565998.9817677,0.39460341796875,-0.37295244140625,-0.15280224609375045,0.5640513340422106,-0.3824568751520623,1.6446964219471092,0.15238922422057277,1.6954415523323862
249,1790565999.0017676,0.34670302734374997,-0.18614091796875,-0.09053173828125044,0.4037913150970372,-0.3761462267214055,1.64696255918484,0.14704094755118285,1.6957572631394442
250,1790565999.0113144,0.28443251953125,-0.0041194335937499976,-0.09053173828125044,0.298521060456801,-0.37313386238180807,1.6477457884553328,0.14474130821377595,1.695654772921566
251,1790565999.0313144,0.33233291015625,-0.03285966796875,0.024429199218749566,0.33484579544382514,-0.36684457457357134,1.6490850222932505,0.1405471688936526,1.6952315061164998
252,1790565999.0562978,0.37544326171875,-0.06638994140625,0.07711962890624957,0.38898933693942916,-0.3588404359166586,1.6503210456210209,0.13628412717351585,1.694372856070341
253,1790565999.0762978,0.32754287109375,-0.04722978515625,-0.037841308593750435,0.33308700011608067,-0.35233953352308756,1.6509916695103348,0.13344225357139,1.693435406123895
254,1790565999.1016586,0.26048232421875,-0.09992021484375001,-0.10490185546875044,0.29805954077266134,-0.3442141667416267,1.6514346036958576,0.13010767361373077,1.6919360654595976
255,1790565999.1216586,0.38023330078125,-0.14303056640625,-0.02347119140625044,0.4069226004727755,-0.3378064608322995,1.6513670875604807,0.12767986318890814,1.6903930342739721
256,1790565999.1312096,0.48082412109375,0.0006706054687500028,-0.009101074218750437,0.48091071384323214,-0.3345886451651445,1.651237704900438,0.126671034083331,1.6895505527903134
257,1790565999.1512096,0.45687392578125,0.10126142578125001,-0.042631347656250436,0.4698990234220655,-0.32745468475082995,1.6511603136165933,0.12479781289352185,1.687937038497206
258,1790565999.1767092,0.42334365234375,0.13479169921875,-0.02347119140625044,0.44490397501489315,-0.3180399858828177,1.6515278863130833,0.12264132171259043,1.686337654706647
259,1790565999.1967092,0.33712294921874997,0.20185224609375002,-0.04742138671875044,0.39578403209499113,-0.31062272432716564,1.652277903994251,0.12109729998025015,1.6855780328891843
260,1790565999.221787,0.23653212890625,0.24975263671875,-0.06179150390625044,0.3494882222734937,-0.30163839355874916,1.653926674049428,0.11924625712198261,1.685431349369801
261,1790565999.241787,0.30359267578125,0.21143232421875002,-0.037841308593750435,0.3718925989430944,-0.2947378261233318,1.6557361342822114,0.11784200604139151,1.6858882735530156
262,1790565999.2519693,0.46166396484375,0.23538251953125003,-0.05700146484375044,0.5213326327120372,-0.2911671845015362,1.656860403989921,0.11716188475971157,1.6863248900732752
263,1790565999.2719693,0.38981337890625,0.35034345703125,-0.10490185546875044,0.534508566385705,-0.28392860844557555,1.6596160155175468,0.11578353418431012,1.6877045358842846
264,1790565999.2965863,0.22216201171875,0.42698408203125005,-0.11927197265625045,0.4958801964389228,-0.2752255805255746,1.663934153857127,0.11392758815335864,1.690386193711459
265,1790565999.3165863,0.22695205078125,0.38866376953125004,-0.04742138671875044,0.45256551682423285,-0.26854177099493115,1.6681396454635118,0.11239586870374672,1.6933509355233767
266,1790565999.341657,0.30359267578125,0.35992353515625003,0.014849121093749565,0.47109867368169095,-0.2604225594252263,1.6740281839117783,0.11070256929641459,1.6977765838994774
267,1790565999.361657,0.31317275390625,0.36950361328125003,-0.07616162109375044,0.4903169245954622,-0.25399191589583575,1.679115239179837,0.10946240373271209,1.7017408432594374
268,1790565999.3717368,0.24611220703125,0.34555341796875,-0.14322216796875045,0.4477621829915379,-0.2508142500683088,1.6818350812599727,0.10876527178900622,1.7039093030268375
269,1790565999.3917367,0.32754287109375,0.31202314453125,-0.12406201171875045,0.46907798699065983,-0.2445945406766155,1.6874085394396052,0.10718861221775468,1.7084096308823813
270,1790565999.4168441,0.41376357421875,0.26891279296875004,-0.10969189453125044,0.5055162680848004,-0.23656178765265165,1.6944497142354986,0.10506604306991926,1.7141062355806747
271,1790565999.436844,0.36107314453125,0.24496259765625,-0.09532177734375044,0.44661698488543217,-0.2299606288310479,1.6999880427350482,0.10332135036891268,1.7185798025394592
272,1790565999.4609954,0.36586318359375,0.20664228515625002,-0.09053173828125044,0.42982891801294126,-0.22186825051672907,1.7064907762303019,0.10119389577279891,1.7238261207233543
273,1790565999.4809954,0.37544326171875,0.19227216796875002,-0.10490185546875044,0.4346615104034444,-0.21506011172614675,1.7116663853567262,0.09940324217883054,1.727985437141033
274,1790565999.4915366,0.39939345703125,0.18269208984375002,-0.11448193359375045,0.4538696358319354,-0.2113974774479752,1.7142815087830567,0.09842758412419776,1.7300687772870207
275,1790565999.5115366,0.43292373046875,0.22101240234375003,-0.11927197265625045,0.500494996832184,-0.20424220670691343,1.7191045215104546,0.09650349231326993,1.7338823947738946
276,1790565999.5662208,0.44729384765625,0.22101240234375003,-0.10969189453125044,0.5108332211854895,-0.18400274441306466,1.7321264663314349,0.09109269844204076,1.744252557695363
277,1790565999.5862207,0.46645400390625,0.23059248046875003,-0.15759228515625046,0.5436796466207575,-0.17634016449060833,1.7368520807936758,0.08900968756920831,1.7480485487111233
278,1790565999.581744,0.44729384765625,0.24017255859375,-0.21028271484375044,0.5495211226282926,-0.17634016449060833,1.7368520807936758,0.08900968756920831,1.7480485487111233
279,1790565999.601744,0.42334365234375,0.18269208984375002,-0.16717236328125046,0.4904516762294335,-0.16833296809240614,1.7415008584627736,0.08646948995866517,1.751752893780138
280,1790565999.6271317,0.35149306640625,0.16353193359375,-0.10011181640625044,0.40039036554434965,-0.15821800245109446,1.7471760402660212,0.08321973393051751,1.756297974745383
281,1790565999.6471317,0.42813369140625,0.17311201171875001,-0.07137158203125044,0.4672901978857445,-0.1502754481576843,1.751481182777237,0.08078642930045138,1.7597714314935502
282,1790565999.6567693,0.45687392578125,0.26891279296875004,-0.03305126953125044,0.5311687685648059,-0.14638249182932878,1.7535640653420361,0.07971427335718617,1.7614678908654329
283,1790565999.6767693,0.45208388671875,0.31681318359375,-0.10011181640625044,0.5610461743151783,-0.13815217729806198,1.7581167000218487,0.07762332731477764,1.7652438177009224
284,1790565999.7012217,0.38023330078125,0.27849287109375004,-0.12885205078125045,0.48860873228338697,-0.12807257286069826,1.7639396864517523,0.07503044887643626,1.7701738246898988
285,1790565999.7212217,0.33712294921874997,0.23538251953125003,-0.07616162109375044,0.4181595460090026,-0.11998893386102523,1.768758791854623,0.07292029149399906,1.7743230756893462
286,1790565999.746282,0.34670302734374997,0.25933271484375003,-0.10490185546875044,0.4454894448113641,-0.11009403104562873,1.7748213027016648,0.07033251454511798,1.7796229979402238
287,1790565999.766282,0.37544326171875,0.19706220703125002,-0.13843212890625045,0.4460432832400436,-0.10229850617918035,1.77961845940746,0.06821206949538085,1.783860905971964
288,1790565999.776632,0.42334365234375,0.11563154296875001,-0.10011181640625044,0.4501254019639844,-0.09824939239421362,1.781971336734375,0.06709416929692823,1.7859385251464768
289,1790565999.796632,0.38023330078125,0.13958173828125,-0.09053173828125044,0.41503785408182314,-0.0903933090538863,1.7862187861621364,0.06497203944896013,1.78968429290487
290,1790565999.8213148,0.29880263671875,0.043780957031250005,-0.13843212890625045,0.33220963595622294,-0.08089509768765818,1.7910138806934373,0.06232202686326378,1.7939227332019645
291,1790565999.8413148,0.26048232421875,-0.17177080078125,-0.09053173828125044,0.32488804974584506,-0.0735143808382799,1.7941244655360271,0.060153413922602074,1.7966372464221916
292,1790565999.8669877,0.27485244140625,-0.35858232421875,-0.08095166015625044,0.4589970795889119,-0.06443051176987719,1.7964972459095914,0.057457054847981276,1.7985702539960675
293,1790565999.8869877,0.09762099609374998,-0.43522294921875004,-0.26776318359375045,0.5202364817016039,-0.05785668304753917,1.7968777370942537,0.055148519107073586,1.798654596357492
294,1790565999.8973348,-0.13230087890625003,-0.50228349609375,-0.31566357421875046,0.6078122449375983,-0.054992732595564,1.7963175219362715,0.053680573421268876,1.7979606347794244
295,1790565999.9173348,-0.11793076171875003,-0.8088459960937501,0.2543510742187496,0.8560572287602548,-0.050662705255070516,1.7934304148766678,0.051176819279369234,1.7948756028037185
296,1790565999.9414217,-0.017339941406250024,-0.59808427734375,0.5657036132812496,0.8234233749737917,-0.04647444108120772,1.7879332439735338,0.05009518141973539,1.7892385770994907
297,1790565999.9614217,-0.046080175781250024,-0.11429033203125,0.5609135742187495,0.5742906061731263,-0.04361359639476325,1.7829849138400702,0.05102171195125359,1.7842478986570796
298,1790565999.9863825,-0.38617294921875006,0.03420087890625,0.7620952148437496,0.8550370537666822,-0.04138791986999161,1.7775856291758503,0.054481353755439985,1.778901865441344
299,1790566000.0063825,-0.59693466796875,0.27849287109375004,0.8339458007812496,1.0627110970125802,-0.0413467418122534,1.77437738687676,0.05923166590210672,1.775847137104888
300,1790566000.0170038,-0.37659287109375006,0.57547529296875,0.6902446289062496,0.9743878340322342,-0.04210366406823972,1.7736094363121226,0.06259015300953123,1.7752128543803227
301,1790566000.0370038,-0.017339941406250024,0.47009443359375,0.5609135742187495,0.7320611229990659,-0.043906058005307176,1.7739486427159843,0.06984232999492472,1.7758658395223914
302,1790566000.061604,-0.33827255859375005,0.69043623046875,0.3932622070312496,0.8635888348748775,-0.046446595342315114,1.7764444895550289,0.07918504413781223,1.7788149375087976
303,1790566000.081604,-0.82206650390625,0.7095963867187499,0.4699028320312496,1.1832704849018836,-0.04994273740081641,1.7802692882903877,0.08693606129446355,1.7830902654107124
304,1790566000.1068144,-0.9849278320312501,0.9443083007812499,0.4938530273437496,1.4511002080665334,-0.057105277638388775,1.7874945065371306,0.09706307703127565,1.791038487737591
305,1790566000.1268144,-0.35743271484375005,0.88203779296875,0.3836821289062496,1.0261387771192496,-0.0639486947568394,1.7951061666169654,0.10520827595484598,1.7993233078901498
306,1790566000.136817,0.05930068359374998,1.05926923828125,-0.013891113281250436,1.0610187808289815,-0.06708156725624756,1.7997983312834858,0.10894830910107524,1.804340240645416
307,1790566000.156817,-0.26163193359375003,1.21734052734375,-0.10969189453125044,1.2499606153457072,-0.07270955068722561,1.8111878311872287,0.1151193240837031,1.8162985705492707
308,1790566000.1820514,-0.6160948242187501,1.30356123046875,0.18729052734374957,1.4539334426455135,-0.08040654147158899,1.82817369787722,0.12188438739407874,1.8339956612303971
309,1790566000.2020514,-0.5107139648437501,1.58138349609375,0.17292041015624957,1.6707794539832959,-0.08728207162110395,1.8439441711965303,0.12698219977247255,1.8503709751223365
310,1790566000.22652,-0.046080175781250024,1.70113447265625,-0.028261230468750436,1.7019931180257741,-0.09545386695287146,1.8663680982326716,0.132548983237954,1.8735022155776362
311,1790566000.24652,-0.022129980468750022,1.56222333984375,-0.18633251953125043,1.573452035310569,-0.10123366447496714,1.886842503675181,0.1360947026415278,1.8944510172040188
312,1790566000.271905,-0.47239365234375,1.73466474609375,-0.11448193359375045,1.801478186721817,-0.10841076096943936,1.9152083473453458,0.13934732443805997,1.9233287767990448
313,1790566000.291905,-0.23768173828125003,1.9262663085937501,-0.10490185546875044,1.9437075139064972,-0.11428229377984746,1.939696024923356,0.14119649327541567,1.9481831437234862
314,1790566000.3011441,0.12636123046874997,1.97416669921875,-0.25818310546875045,1.9949836673064065,-0.11666498488272097,1.952014274249042,0.1416710034402314,1.9606226354873755
315,1790566000.321144,0.22216201171875,1.6915543945312501,-0.33961376953125044,1.739554466397684,-0.12052631648562853,1.9801782450382122,0.1416474005841685,1.9888932754626276
316,1790566000.346446,0.11199111328124998,1.55743330078125,-0.43062451171875044,1.619746265909993,-0.12404443051115112,2.0166293228421055,0.14016038082902157,2.0252964669009774
317,1790566000.366446,-0.03650009765625002,1.71550458984375,-0.45457470703125047,1.7750849047796096,-0.1262949613507385,2.0460296492522096,0.1378334773316445,2.0545524598693112
318,1790566000.4364424,0.17426162109374999,1.8496256835937501,-0.44499462890625047,1.9103671117749281,-0.13226673817806822,2.1522071115514088,0.12618879987122006,2.159956840831238
319,1790566000.4564424,0.25090224609375,1.62449384765625,-0.35877392578125045,1.682453841265307,-0.13307935574221685,2.183205558473483,0.12215501060263133,2.190666216494335
320,1790566000.4374428,0.28922255859375,1.33230146484375,-0.41146435546875043,1.4240715562940056,-0.13307935574221685,2.183205558473483,0.12215501060263133,2.190666216494335
321,1790566000.4574428,0.52393447265625,0.91077802734375,-0.5551655273437505,1.1883739771135262,-0.13175807907944967,2.2127364628323796,0.1168086015425981,2.2197313113854555
322,1790566000.4668434,0.51914443359375,0.39345380859375,-0.8186176757812504,1.0461604759929517,-0.1304947764620384,2.225454373875906,0.11370399174130233,2.2321748709778952
323,1790566000.4868433,0.50477431640625,0.35034345703125,-0.9527387695312505,1.1336881455479393,-0.12667435307576375,2.249569041114595,0.10543260714785166,2.255598212696223
324,1790566000.511441,0.65326552734375,0.048570996093750006,-0.7228168945312504,0.9754892382271818,-0.1205441000686246,2.275514462680559,0.09369459000871028,2.2806305325779204
325,1790566000.531441,0.8783973632812501,-0.39211259765625,-0.42583447265625046,1.051983467152698,-0.11400985263448465,2.2929306132922886,0.08385920779800654,2.297294367425123
326,1790566000.5418053,1.07478896484375,-0.7034651367187501,-0.5120551757812505,1.3828358617612564,-0.10961337345413787,2.2997505133870475,0.07879784764128514,2.303709316788228
327,1790566000.5618052,1.35740126953125,-0.6459846679687501,-0.7323969726562505,1.6721960780159084,-0.09875378761727306,2.3089126491482173,0.06862929939025333,2.3120423682753293
328,1790566000.5869942,1.29992080078125,-0.6699348632812501,-0.6940766601562505,1.618749276298553,-0.08210814149518665,2.316234997905545,0.05504871088102367,2.318343519194676
329,1790566000.6069942,1.19453994140625,-1.1010383789062501,-0.41625439453125046,1.6770446936220658,-0.06713232077460711,2.318520387860835,0.04421768762862618,2.319913520224011
330,1790566000.6312559,1.37177138671875,-1.07229814453125,-0.49768505859375045,1.810875607470847,-0.04702066262535457,2.3169222427780456,0.03138653165980066,2.3176118605502105
331,1790566000.6512558,1.91304580078125,-1.2064192382812502,-0.5743256835937505,2.333461292847455,-0.028001367249562294,2.3123843627815077,0.020787831088742256,2.3126473254099205
332,1790566000.6768792,1.9369959960937502,-1.27347978515625,-0.5599555664062504,2.3847965297765286,0.00010931155045853375,2.302676903090373,0.007066124809118104,2.3026877474148995
333,1790566000.6968791,1.92741591796875,-1.26389970703125,-0.7132368164062505,2.412691722236872,0.02455616341209262,2.2924303509448563,-0.00394743032091204,2.2925652665302283
334,1790566000.7064862,2.01842666015625,-1.2543196289062502,-0.7515571289062505,2.4924289421965136,0.03738094196846807,2.2864322174904763,-0.009499706588407267,2.2867575001355376
335,1790566000.7264862,1.9753163085937502,-1.31659013671875,-0.8329877929687505,2.5157807476679057,0.0660653456677508,2.271961996003289,-0.021701425785136428,2.2730259332138196
336,1790566000.7517788,1.95136611328125,-1.2159993164062501,-1.0245893554687504,2.5171943494499405,0.104348012413843,2.2516032153561607,-0.038341244105560876,2.2543459357641815
337,1790566000.7717788,1.8603553710937502,-1.0531379882812502,-1.0772797851562506,2.3938574445076592,0.13579658617372697,2.2345157291473927,-0.052678195534952475,2.23925796836996
338,1790566000.7812839,1.91783583984375,-1.1249885742187502,-0.8281977539062505,2.372678891103319,0.15119407508261717,2.2260602571489185,-0.05982818429523622,2.2319908889675295
339,1790566000.8012838,2.04237685546875,-0.9142268554687502,-0.9287885742187505,2.422759207724531,0.1846731722018837,2.2078786194169457,-0.07525159022713837,2.2168660267236038
340,1790566000.8423145,2.2866688476562502,-0.9573372070312501,-1.0102192382812505,2.6769183506789123,0.25637592415819177,2.170414044053759,-0.10811389423685305,2.188176032964628
341,1790566000.8623145,2.26750869140625,-1.0579280273437501,-0.8713081054687505,2.649525465304658,0.2929153596282996,2.1518686739197186,-0.12455182594996142,2.1752819024325682
342,1790566000.9016087,1.99926650390625,-0.9908674804687501,-0.8473579101562505,2.3868180377641646,0.36651094705851517,2.114859837451572,-0.15706831155094841,2.1521228730890076
343,1790566000.9216087,1.9034657226562501,-0.7992659179687501,-0.7371870117187505,2.1921342238103327,0.40420491512851175,2.0961633982116186,-0.17351282940990814,2.1418191584225688
344,1790566000.9027462,1.97052626953125,-0.49270341796875,-0.5647456054687504,2.108238135478793,0.40420491512851175,2.0961633982116186,-0.17351282940990814,2.1418191584225688
345,1790566000.9227462,2.03279677734375,-0.27715166015625003,-0.5360053710937505,2.1204663493080598,0.44238312098211485,2.0798531800124813,-0.18870508095706234,2.1347369120612774
346,1790566000.9468617,1.91783583984375,-0.14303056640625,-0.5839057617187504,2.0098502407104935,0.4886578164157124,2.0623766656378977,-0.2063013541780608,2.1294938885208303
347,1790566000.9668617,1.6974940429687502,-0.31068193359375,-0.5982758789062504,1.8264564919693518,0.526701611580591,2.049376233060109,-0.2204789120232899,2.1274323685890013
348,1790566000.9917877,1.6974940429687502,-0.34421220703125,-0.5695356445312505,1.8232769728637894,0.5733501962851685,2.0343798865941873,-0.23768112194385793,2.1269518768152023
349,1790566001.0117877,1.91783583984375,-0.21967119140625002,-0.6509663085937505,2.037181110222456,0.6105884336257275,2.023306260532732,-0.2512441169431816,2.128311552730715
350,1790566001.0367994,1.7022840820312501,0.038990917968750004,-0.6461762695312505,1.8212180426643991,0.6569636611687683,2.0111960434893854,-0.26809489012269816,2.1326944571488746
351,1790566001.0567994,1.49152236328125,0.12042158203125002,-0.5743256835937505,1.6028070091007285,0.6932746412450751,2.003204100053005,-0.2813787604033236,2.1383709690951123
352,1790566001.0669608,1.59690322265625,0.11084150390625001,-0.5886958007812505,1.705563979267736,0.7113096021996681,1.999928946870287,-0.28800187583670644,2.1421069588600394
353,1790566001.0869608,1.67354384765625,0.20664228515625002,-0.5455854492187505,1.7723186864787916,0.7463876900986028,1.9949258531203014,-0.30078374334527586,2.1511147351174196
354,1790566001.1109033,1.56816298828125,0.25933271484375003,-0.43541455078125046,1.648021372991093,0.787902693098743,1.9906716696660722,-0.31555157619197666,2.1640557172680652
355,1790566001.1309032,1.47715224609375,0.29286298828125,-0.3923041992187505,1.556165181710958,0.8219477523750437,1.9884793447548776,-0.3272788262150249,2.17640980567536
356,1790566001.1564121,1.6639637695312501,0.07731123046875,-0.49768505859375045,1.7385174345449355,0.8648664465687588,1.9868107876714385,-0.3416953689526464,2.1936651525635718
357,1790566001.176412,1.76934462890625,-0.14782060546875,-0.6653364257812505,1.896075923245668,0.898618878682685,1.9855930406402633,-0.35304757287868777,2.2078809299596536
358,1790566001.1870737,1.63522353515625,-0.21967119140625002,-0.5791157226562504,1.7485955685893797,0.9166350920118684,1.9847474030639127,-0.3591865557130538,2.2155038089973034
359,1790566001.2070737,1.60169326171875,0.30723310546875005,-0.6988666992187504,1.774324702248191,0.950217415048493,1.9835303719855546,-0.37089216983034784,2.230440959562045
360,1790566001.23169,1.6208534179687502,0.39824384765625004,-0.9048383789062505,1.8985511467112826,0.9913004719229087,1.9835595890351894,-0.38609927036465924,2.2508349374097056
361,1790566001.25169,1.64480361328125,-0.09034013671875,-1.0533295898437505,1.9552604663844206,1.0245709242903802,1.9840416214644425,-0.3995385477409561,2.2684350962140067
362,1790566001.2919385,1.65438369140625,-0.17656083984375,-1.1395502929687504,2.0166144893763076,1.0914413956978506,1.984060491010964,-0.42914688364087517,2.3047575577427257
363,1790566001.3119385,1.51547255859375,0.10605146484375001,-1.0006391601562505,1.819115916560679,1.124440537175713,1.9839626970588808,-0.44486296184755864,2.3234408879480744
364,1790566001.3068867,1.5011024414062502,0.27849287109375004,-0.9383686523437504,1.7920386565437898,1.124440537175713,1.9839626970588808,-0.44486296184755864,2.3234408879480744
365,1790566001.3268867,1.68791396484375,0.029410839843750005,-0.9575288085937504,1.940819406720221,1.1569120663979606,1.9848441896151867,-0.46153390443442116,2.343302270593542
366,1790566001.3512542,1.86993544921875,-0.31547197265625,-0.8617280273437504,2.082968156954471,1.1970425318678286,1.9852342872407105,-0.4821235270820263,2.3678068108911856
367,1790566001.3712542,1.88909560546875,-0.40169267578125,-0.7132368164062505,2.05882149994966,1.2306780066124137,1.9844306920693933,-0.4988502783673769,2.387757342741034
368,1790566001.396662,1.9848963867187501,-0.32984208984375,-0.47852490234375045,2.0682348881122614,1.2743808921839213,1.9821689429751583,-0.5191833646859054,2.4130047125990703
369,1790566001.416662,2.18128798828125,-0.25320146484375,-0.7802973632812504,2.330448936313078,1.309871128369127,1.9797810750292275,-0.5346761688295508,2.4333462728294837
