trial,object_area_pearson_to_median,object_area_spearman_to_median,finger_width_pearson_to_median,finger_width_spearman_to_median,velocity_pearson_to_median,velocity_spearman_to_median,acceleration_mag_pearson_to_median,acceleration_mag_spearman_to_median
TRIAL_Red_20261006_192614,0.9981736645375067,0.8901397000758084,0.9850503601277272,0.9690474873475854,0.9952286468107729,0.9955387043605378,0.990065050349563,0.9571694816540477
TRIAL_Red_20261006_192850,0.9916768772421831,0.924795765266147,0.9955899250409416,0.9931741409435061,0.9736707030563121,0.9765403409454918,0.9645254327412318,0.9435294117647057
TRIAL_Red_20261006_192953,0.9940677453460611,0.9337667221603673,0.9775060352536908,0.9659871869539896,0.9900657544722584,0.9871752310729823,0.9817983349365117,0.9527198602213162
TRIAL_Red_20261006_193019,0.9978675743239303,0.931144189106828,0.9910128186477485,0.9625626092020966,0.9952004510864618,0.9937448674715635,0.9806641373818432,0.9505066977285962
TRIAL_Red_20261006_193046,0.9978091300796005,0.8909518832612171,0.9945023850576029,0.9739662201514268,0.9941508849983819,0.9948398068713272,0.9823764130213971,0.9225160163075131
TRIAL_Red_20261006_193113,0.9932649829750521,0.9548321871334413,0.9898985637760062,0.9710192195690157,0.9982057139025212,0.9967268300921962,0.9871731686838804,0.9578450786255096
TRIAL_Red_20261006_193209,0.9952688425008226,0.9127213657239822,0.9840635328012868,0.9673733255678508,0.9994220664720239,0.9974490241643806,0.9902251003746905,0.9745486313337215
TRIAL_Red_20261006_193241,0.9848344909310915,0.8768029289926659,0.9573205354970592,0.9465346534653465,0.9567254887778456,0.9577050536112616,0.9508644845411145,0.9106231799650553
TRIAL_Red_20261006_193304,0.9925968498782652,0.8878219739149615,0.9330628236605855,0.909647378126682,0.9986596017555327,0.9974490241643806,0.971543641724538,0.8733838089691321
TRIAL_Red_20261006_193327,0.9854703351914819,0.9110282777382956,0.9773469011209814,0.9609171838048426,0.9950174637464752,0.994769917122406,0.9841394728137557,0.970320326150262
TRIAL_Red_20261006_193346,0.9920340780503766,0.9386233542930899,0.9787259838926852,0.9757104709140697,0.9904215850483532,0.9868490789113507,0.9614190095191681,0.9652533488642981
TRIAL_Red_20261006_193403,0.9498813526109771,0.776811206512702,0.8297253748279088,0.8892486895748397,0.9243732430516135,0.9271515850412642,0.9503995994362902,0.8815841584158416
TRIAL_Red_20261006_193436,0.9908277418301276,0.9506343322792916,0.9661397414175013,0.95392822926505,0.9828942327543124,0.9772625350176762,0.976831490431624,0.9542923704135118
TRIAL_Red_20261006_193519,0.9872742981328032,0.9753299644935797,0.8282147429214063,0.8483168316831682,0.9748537094223004,0.9670003902177647,0.9626030456072626,0.9565055329062316
