frame,t_video,cube_area,finger_dist,ax,ay,az,mag
46,1.5333333333333334,6345.0,138.3,-0.15195514054559067,-0.7287220924611514,-0.8565215140780711,1.1351527164815576
47,1.5666666666666667,6392.0,147.1,-0.13610899140603525,-0.706678491275791,-0.820004867252085,1.0913464317563117
48,1.6,6470.0,155.6,-0.11380196400090405,-0.6806536259698045,-0.7660962176896846,1.031412592270249
49,1.6333333333333333,6541.0,161.5,-0.10007296256469018,-0.6615426555627432,-0.727788599392085,0.9886586061142609
50,1.6666666666666667,6608.0,170.3,-0.11165089649248634,-0.6628290926658317,-0.7355072220106158,0.9965887096734084
51,1.7,6696.0,179.8,-0.1232288304202825,-0.6641155297689201,-0.7432258446291465,1.004518813232556
52,1.7333333333333334,6780.0,173.9,-0.13480676434807864,-0.6654019668720086,-0.7509444672476774,1.0124489167917035
53,1.7666666666666666,6896.0,181.4,-0.11846673893626837,-0.6679014316685852,-0.7716244572828932,1.0286030169565719
54,1.8,6995.0,182.3,-0.07733534445374085,-0.6714780746670659,-0.803814244269219,1.0520600912610836
55,1.8333333333333333,7112.0,185.8,-0.036203949971214414,-0.6750547176655465,-0.836004031255544,1.0755171655655946
56,1.8666666666666667,7206.0,192.6,-0.0068760428635421915,-0.7293259360989022,-0.7931634147717115,1.0851736459398522
57,1.9,7350.0,188.9,0.02038761979635358,-0.7924628391007661,-0.7372011598382412,1.0924166193147098
58,1.9333333333333333,7452.0,191.6,0.04765128245624935,-0.8555997421026299,-0.681238904904771,1.0996595926895674
59,1.9666666666666666,7579.0,193.1,0.07056104148404374,-0.8911647004295217,-0.6648197458882992,1.1142134729108462
60,2.0,7728.0,196.8,0.08933719195769133,-0.9005527756663455,-0.6859429151711527,1.1357083489906754
61,2.033333333333333,7864.0,201.8,0.08420166188423678,-0.896731015005388,-0.7165313169411941,1.152795871841506
62,2.066666666666667,7994.0,207.4,0.05232541689690988,-0.8781365387627806,-0.7577048000498247,1.1649545994958121
63,2.1,8140.0,207.4,0.02044917190958298,-0.8595420625201733,-0.7988782831584552,1.1771133271501184
64,2.1333333333333333,8276.0,209.9,-0.011427073077743918,-0.8409475862775659,-0.8400517662670858,1.1892720548044244
65,2.1666666666666665,8381.0,216.8,-0.009595357195256301,-0.8736152703460262,-0.8348826465760734,1.209363434772462
66,2.2,8500.0,217.9,-0.0025297490924947406,-0.9142425169369052,-0.8225178323962407,1.2306865311113393
67,2.2333333333333334,8614.0,222.2,0.01503842372486535,-0.9388596764849817,-0.8161218470375076,1.2462552805996576
68,2.2666666666666666,8740.0,225.9,0.09036980730191797,-0.8754227218937796,-0.8425539114505084,1.2301756128731614
69,2.3,8894.0,228.8,0.1657011908789706,-0.8119857673025773,-0.8689859758635093,1.2140959451466653
70,2.3333333333333335,9006.0,232.4,0.24103257445602522,-0.7485488127113734,-0.895418040276511,1.1980162774201686
71,2.3666666666666667,9132.0,232.6,0.1911398821538171,-0.7378752525181027,-0.9318283429913786,1.2163406549893152
72,2.4,9251.0,242.1,0.029946286307863584,-0.7740985324834856,-0.9771074429481071,1.2652438274114346
73,2.433333333333333,9387.0,249.9,-0.13124730953809,-0.8103218124488685,-1.0223865429048355,1.314146999833554
74,2.466666666666667,9511.0,252.7,-0.12843285818881586,-0.8736617417904796,-1.0716650053143864,1.3896421718977563
75,2.5,9630.0,252.8,-0.10424444712635858,-0.9405355841396261,-1.1214646751488573,1.4686028832373936
76,2.533333333333333,9735.0,261.4,-0.08005603606390128,-1.0074094264887727,-1.1712643449833282,1.547563594577031
77,2.566666666666667,9865.0,262.2,-0.04740037340481579,-0.9383292827467583,-1.1816693161782998,1.5153080922640525
78,2.6,9973.0,262.4,-0.006871832133443348,-0.7428386719083736,-1.1554449659438824,1.3796433856994974
79,2.6333333333333333,10122.0,264.8,-0.03922927437962017,-0.6405758933244454,-1.145355120545038,1.3190235869432827
80,2.6666666666666665,10254.0,261.2,-0.141903700828293,-0.6282549621506046,-1.150831089955634,1.3308036014593454
81,2.7,10338.0,262.3,-0.24457812727696585,-0.6159340309767639,-1.1563070593662297,1.3425836159754079
82,2.7333333333333334,10496.0,258.0,-0.3468131993439668,-0.6045782033038809,-1.1610716635323477,1.3543630295627147
83,2.7666666666666666,10570.0,251.9,-0.40562848069394464,-0.6886000338038493,-1.0955346357423723,1.3660830555533385
84,2.8,10657.0,245.6,-0.46444376204392246,-0.7726218643038176,-1.0299976079523971,1.3778030815439626
85,2.8333333333333335,10776.0,242.8,-0.5227011820643557,-0.8448595402962591,-0.978879250628703,1.3950836702113771
86,2.8666666666666667,10875.0,239.0,-0.578019875053747,-0.8550201165596166,-1.0037162148280214,1.4416564413273814
87,2.9,10989.0,237.6,-0.6333385680431383,-0.8651806928229742,-1.0285531790273401,1.4882292124433856
88,2.933333333333333,11158.0,231.7,-0.6886572610325294,-0.8753412690863318,-1.0533901432266586,1.5348019835593898
89,2.966666666666667,11288.0,226.9,-0.7439759540219222,-0.8855018453496897,-1.0782271074259777,1.5813747546753953
90,3.0,11376.0,216.9,-0.8811231625722848,-0.8989712907806936,-1.1034386913010636,1.6776532572041896
91,3.033333333333333,11448.0,210.2,-1.0257118965981036,-0.9127416464022002,-1.1286843432738256,1.7784520234093897
92,3.066666666666667,11529.0,197.5,-1.0076173174855612,-0.8374777750889133,-1.0947446963809955,1.7091177216928237
93,3.1,11603.0,183.6,-0.9560912886737692,-0.7439173543517124,-1.048642460075708,1.6048210443479227
94,3.1333333333333333,11656.0,173.2,-0.9045652598619774,-0.6503569336145114,-1.0025402237704206,1.5005243670030215
95,3.1666666666666665,11632.0,160.4,-0.8729882332077105,-0.5809597378870583,-0.955660094126359,1.4192995625161906
96,3.2,11634.0,153.7,-0.8886489151073846,-0.5687792075206451,-0.9069379726607061,1.39270718511805
97,3.2333333333333334,11734.0,154.6,-0.9043095970070588,-0.556598677154232,-0.8582158511950533,1.3661148077199092
