实验文件夹,初始开口¹，px,最大开口，px,终点开口，px,起点物体面积，px²,终点物体面积，px²,终点面积／起点面积,最大开口时物体面积，px²,从峰值回落到本次闭合幅度一半，s
TRIAL_20260919_133940,37.3,258.7,162.5,4200.0,26928.0,6.41,9879.0,0.47
TRIAL_20260924_151054,16.2,246.8,115.4,4800.0,14541.0,3.03,12463.0,0.2
TRIAL_Black_20260929_102317,20.2,256.7,126.2,4416.0,13608.0,3.08,7440.0,0.32
TRIAL_Black_20260929_102345,19.4,226.1,114.2,4828.0,14560.0,3.02,10246.0,0.17
TRIAL_Black_20261002_201242,18.3,203.0,94.4,5016.0,16864.0,3.36,8910.0,0.29
TRIAL_Black_20261002_201345,26.7,204.3,95.6,5694.0,17399.0,3.06,8827.0,0.26
TRIAL_Black_20261002_201617,14.0,190.5,99.1,5037.0,12636.0,2.51,7743.0,0.29
TRIAL_Red_20260929_111119,18.7,174.0,47.1,992.0,2308.9,2.33,1178.0,0.4
TRIAL_Red_20260929_111143,52.6,192.6,68.6,960.0,1737.4,1.81,1254.0,0.36
TRIAL_Red_20260929_111214,39.4,174.0,61.1,1088.0,2632.0,2.42,1886.0,0.35
TRIAL_Red_20261003_104702,8.7,170.4,64.3,840.0,2793.0,3.32,1295.0,0.35
TRIAL_Red_20261003_104745,15.3,189.2,64.4,960.0,3050.0,3.18,1720.0,0.3
TRIAL_Red_20261003_104813,19.3,183.1,49.2,1023.0,3038.0,2.97,1558.0,0.36
TRIAL_Red_20261003_104837,7.7,189.1,51.4,992.0,3392.0,3.42,1292.0,0.53
