frame,t_camera,finger_width,object_area,ax,ay,az,mag,velocity
21,1790648665.339148,16.279000,4686.000000,0.430960,-0.445713,0.051541,0.622128,0.000000
22,1790648665.371736,16.169167,4674.166667,0.425517,-0.457960,0.040654,0.636762,0.007553
23,1790648665.403340,15.986111,4678.111111,0.412583,-0.473114,0.054931,0.640327,0.025478
24,1790648665.435996,15.579074,4657.074074,0.412900,-0.460838,0.061784,0.605861,0.049762
25,1790648665.468044,14.919716,4690.382716,0.382821,-0.445438,0.068767,0.532818,0.077552
26,1790648665.516154,14.480144,4665.255144,0.396323,-0.424435,0.072618,0.576540,0.112832
27,1790648665.547246,14.284096,4650.170096,0.383841,-0.403154,0.074126,0.514793,0.146822
28,1790648665.579836,14.153397,4638.446731,0.367900,-0.403605,0.067867,0.528934,0.180334
29,1790648665.611426,13.781598,4632.297820,0.367691,-0.387178,0.068339,0.515344,0.213088
30,1790648665.643306,13.521065,4628.198547,0.337331,-0.361687,0.081575,0.430023,0.245462
31,1790648665.675739,12.785377,4625.465698,0.311580,-0.374732,0.081627,0.484815,0.277871
32,1790648665.707309,12.129251,4623.643799,0.257528,-0.385361,0.149237,0.535905,0.310026
33,1790648665.739475,11.691834,4623.429199,0.139796,-0.290890,0.266338,0.535019,0.342638
34,1790648665.771216,11.863556,4623.286133,0.064074,-0.132228,0.365980,0.608257,0.376516
35,1790648665.804006,11.978037,4644.190755,0.162869,-0.207610,0.265141,0.535011,0.412251
36,1790648665.835584,12.723025,4659.460503,0.069496,-0.288093,0.130472,0.486047,0.448390
37,1790648665.867668,13.219683,4669.640336,0.075885,-0.330584,0.015446,0.479520,0.484821
38,1790648665.916437,16.370456,4676.426890,0.018234,-0.389270,0.011785,0.537091,0.527503
39,1790648665.947504,18.780637,4726.951260,-0.023797,-0.360779,0.137092,0.527585,0.567691
40,1790648665.979784,20.387425,4784.300840,-0.033331,-0.276218,0.353481,0.796824,0.607175
41,1790648666.011369,27.262283,4845.533893,-0.045617,-0.191231,0.531031,0.890268,0.646619
42,1790648666.043485,35.775522,4933.689262,0.084756,-0.238589,0.589367,0.864256,0.686642
43,1790648666.075343,47.214681,5037.126175,0.236080,-0.321598,0.573918,0.907784,0.726361
44,1790648666.107576,59.952454,5180.417450,0.361334,-0.424785,0.500230,0.951252,0.764925
45,1790648666.139843,75.839970,5299.611633,0.502286,-0.569155,0.420684,1.191487,0.801636
46,1790648666.172179,93.501646,5455.407756,0.650616,-0.693032,0.371263,1.362594,0.834862
47,1790648666.203751,111.005764,5559.271837,0.773849,-0.779702,0.322265,1.416463,0.864122
48,1790648666.235321,127.999843,5628.514558,0.927155,-0.803521,0.250614,1.504577,0.889621
49,1790648666.267681,144.891895,5719.057404,1.060713,-0.789387,0.200872,1.533909,0.911724
50,1790648666.315796,162.160597,5784.613060,1.149215,-0.802243,0.201790,1.576788,0.932198
51,1790648666.347872,177.889398,5914.035085,1.213497,-0.781894,0.179851,1.539847,0.949147
52,1790648666.379945,191.550932,6088.591157,1.305468,-0.824742,0.114689,1.745712,0.963422
53,1790648666.411523,202.155621,6389.064904,1.341096,-0.872995,0.031709,1.719469,0.975192
54,1790648666.443463,211.661414,6706.219323,1.393285,-0.981511,-0.043357,1.929304,0.984454
55,1790648666.475386,219.610943,7165.872687,1.392963,-1.111118,-0.125061,1.975685,0.990870
56,1790648666.507911,225.716962,7640.036545,1.414506,-1.225099,-0.204036,2.089939,0.994300
57,1790648666.539483,230.758641,8176.321608,1.442125,-1.263890,-0.245277,2.037411,0.994998
58,1790648666.571415,234.119761,8675.089852,1.444178,-1.373924,-0.312607,2.201756,0.992858
59,1790648666.603609,235.065841,9238.163492,1.398068,-1.512936,-0.422281,2.307543,0.987732
60,1790648666.635834,233.675227,9753.232939,1.428314,-1.707474,-0.501929,2.655463,0.979288
61,1790648666.667395,229.840485,10391.045808,1.451774,-1.872052,-0.548921,2.739595,0.967384
62,1790648666.715771,223.078323,11064.471473,1.494512,-2.100018,-0.533223,3.047321,0.946249
63,1790648666.747861,213.801882,11710.749306,1.525878,-2.323937,-0.496830,3.222889,0.921324
64,1790648666.779950,203.006921,12410.589585,1.538503,-2.477108,-0.474501,3.221649,0.892452
65,1790648666.811426,192.174948,13152.369551,1.553125,-2.651492,-0.441096,3.412678,0.859445
66,1790648666.843391,181.413632,13816.694941,1.524063,-2.770235,-0.413553,3.365325,0.822027
67,1790648666.875469,169.663754,14379.013534,1.494254,-2.899600,-0.367464,3.480084,0.780484
68,1790648666.908278,159.819836,14926.813703,1.459329,-3.034493,-0.308716,3.590027,0.734716
69,1790648666.940248,152.294558,15406.255989,1.361204,-3.078631,-0.236903,3.375707,0.685228
70,1790648666.971829,146.868038,15833.894962,1.300855,-3.075632,-0.193135,3.290418,0.633172
71,1790648667.003928,143.408026,16297.620827,1.237099,-3.024716,-0.168931,3.128735,0.579067
72,1790648667.035323,140.943684,16899.646793,1.170955,-2.944693,-0.134330,2.973066,0.524383
73,1790648667.068161,138.165122,17300.997437,1.077984,-2.835966,-0.093688,2.766343,0.469024
74,1790648667.115773,135.811082,17632.436293,1.008618,-2.667461,-0.049538,2.488102,0.406931
75,1790648667.147355,132.757054,17853.395531,0.966774,-2.525663,-0.011543,2.410613,0.350117
76,1790648667.179890,127.377703,18000.701689,0.922282,-2.430288,-0.004100,2.389920,0.297396
77,1790648667.211974,123.791469,18147.199077,0.906710,-2.373651,0.031120,2.427040,0.248593
78,1790648667.243995,121.314979,18244.864002,0.913982,-2.319314,0.055856,2.400068,0.203096
79,1790648667.276083,119.569319,18431.486082,0.938925,-2.312055,0.066801,2.503308,0.160200
80,1790648667.307678,118.405546,18621.330411,0.963620,-2.327016,0.084690,2.568256,0.119330
81,1790648667.339832,117.937031,18805.014383,0.984055,-2.386488,0.016160,2.709662,0.079553
