trial,max_aperture_minus_peak_speed_s,object_area_at_max_aperture_over_final,initial_aperture_px,max_aperture_px,final_aperture_px,start_object_area_px2,final_object_area_px2,final_area_over_start_area,object_area_at_max_aperture_px2,peak_to_half_closure_s,total_rows,valid_rows,valid_row_ratio,invalid_finger_width_count,invalid_object_area_count,invalid_velocity_count,invalid_any_count,max_finger_width_jump_px,max_object_area_jump_px2,max_object_area_relative_jump,frame_gap_count,max_frame_gap
TRIAL_Black_20260929_102317,-0.031877,0.546737,78.102000,256.457000,126.494500,5037.000000,13608.000000,2.701608,7440.000000,0.336172,41,41,1.000000,0,0,0,0,30.524000,797.000000,0.141259,0,1.000000
TRIAL_Black_20260929_102345,0.000000,0.668750,91.049000,223.913000,115.309000,5106.000000,14560.000000,2.851547,9737.000000,0.207236,41,41,1.000000,0,0,0,0,29.172000,1006.000000,0.098185,0,1.000000
TRIAL_Black_20260929_102412,-0.031572,0.562963,85.428000,240.842000,116.490500,5467.000000,13500.000000,2.469362,7600.000000,0.272039,41,41,1.000000,0,0,0,0,22.187000,567.000000,0.074980,0,1.000000
TRIAL_Black_20260929_104825,-0.032084,0.663477,75.000000,233.380000,106.024500,6474.000000,13375.000000,2.065956,8874.000000,0.271239,41,41,1.000000,0,0,0,0,28.175000,741.000000,0.122297,0,1.000000
TRIAL_Black_20260929_104907,0.032704,0.623097,93.193000,218.048000,109.960500,5460.000000,13664.000000,2.502564,8514.000000,0.304090,41,41,1.000000,0,0,0,0,28.858000,819.000000,0.106433,0,1.000000
TRIAL_Black_20260929_104931,-0.144767,0.435622,139.316000,238.101000,107.622500,5070.000000,12644.000000,2.493886,5508.000000,0.304106,41,41,1.000000,0,0,0,0,31.076000,716.000000,0.118386,0,1.000000
TRIAL_Black_20261002_201242,-0.064205,0.506641,18.155000,201.122000,93.873500,4875.000000,16864.000000,3.459282,8544.000000,0.352113,56,56,1.000000,0,0,0,0,28.609000,729.000000,0.058554,0,1.000000
TRIAL_Black_20261002_201345,-0.063120,0.475430,27.203000,202.633000,97.896000,5694.000000,17399.000000,3.055673,8272.000000,0.319107,56,56,1.000000,0,0,0,0,31.573000,828.000000,0.129327,0,1.000000
TRIAL_Blue_20260927_121218,0.095479,0.577792,71.561000,186.454000,107.158500,2550.000000,6106.000000,2.394510,3528.000000,0.272022,39,39,1.000000,0,0,0,0,24.832000,396.000000,0.095782,0,1.000000
TRIAL_Blue_20260927_144050,0.096116,0.538723,62.769000,190.379000,97.567500,3224.000000,7644.000000,2.370968,4118.000000,0.335611,48,48,1.000000,0,0,0,0,20.049000,486.000000,0.112514,0,1.000000
TRIAL_Blue_20260927_144356,0.079789,0.665625,98.615000,189.114000,117.753500,2891.000000,6720.000000,2.324455,4473.000000,0.399478,36,36,1.000000,0,0,0,0,21.176000,365.000000,0.087662,0,1.000000
TRIAL_Blue_20260927_145321,-0.095991,0.633403,90.604000,172.154000,105.115500,3068.000000,5712.000000,1.861799,3618.000000,0.255767,42,42,1.000000,0,0,0,0,16.963000,234.000000,0.071429,0,1.000000
TRIAL_Blue_20260927_151619,0.240099,0.749054,50.478000,171.470000,105.956000,2640.000000,4758.000000,1.802273,3564.000000,0.255752,44,44,1.000000,0,0,0,0,15.590000,230.000000,0.073016,0,1.000000
TRIAL_Blue_20260927_151649,0.127884,0.703125,57.628000,166.364000,93.523000,2750.000000,5376.000000,1.954909,3780.000000,0.272109,44,44,1.000000,0,0,0,0,15.008000,279.000000,0.067051,0,1.000000
TRIAL_Blue_20260929_110703,-0.031351,0.667460,119.507000,186.290000,82.249000,2448.000000,5040.000000,2.058824,3364.000000,0.335348,35,35,1.000000,0,0,0,0,16.722000,326.000000,0.080893,0,1.000000
TRIAL_Blue_20260929_110736,-0.080175,0.663158,62.936000,215.713000,85.605000,2862.000000,6080.000000,2.124389,4032.000000,0.415331,43,43,1.000000,0,0,0,0,24.237000,478.000000,0.081849,0,1.000000
TRIAL_Red_20260928_112151,-0.112116,0.562607,70.007000,163.768000,77.592000,812.000000,2332.000000,2.871921,1312.000000,0.303878,40,40,1.000000,0,0,0,0,18.355000,203.000000,0.138851,0,1.000000
TRIAL_Red_20260928_112417,-0.064131,0.586700,94.895000,176.162000,54.116500,930.000000,2376.000000,2.554839,1394.000000,0.432360,42,42,1.000000,0,0,0,0,21.835000,210.000000,0.177365,0,1.000000
TRIAL_Red_20260928_112505,-0.127909,0.588930,109.252000,179.120000,62.165000,992.000000,2430.000000,2.449597,1431.100000,0.336141,44,44,1.000000,0,0,0,0,17.462000,194.000000,0.091912,0,1.000000
TRIAL_Red_20260928_112525,-0.095125,0.504808,38.275000,165.952000,58.239500,899.000000,2288.000000,2.545050,1155.000000,0.303069,41,41,1.000000,0,0,0,0,17.396000,146.000000,0.123311,0,1.000000
TRIAL_Red_20260928_112619,-0.128251,0.525786,62.968000,169.779000,55.553000,900.000000,2385.000000,2.650000,1254.000000,0.336566,41,41,1.000000,0,0,0,0,18.415000,188.000000,0.129032,0,1.000000
TRIAL_Red_20260928_112852,0.064134,0.692929,78.339000,162.188000,58.102500,990.000000,2970.000000,3.000000,2058.000000,0.208278,39,39,1.000000,0,0,0,0,18.733000,336.000000,0.211188,0,1.000000
TRIAL_Red_20260929_111119,-0.032298,0.510200,55.362000,172.122000,46.973000,896.000000,2308.900000,2.576897,1178.000000,0.432820,43,43,1.000000,0,0,0,0,15.479000,358.000000,0.222360,0,1.000000
TRIAL_Red_20260929_111214,0.064707,0.734688,85.159000,173.980000,61.630000,1088.000000,2632.000000,2.419118,1933.700000,0.367911,41,41,1.000000,0,0,0,0,15.285000,298.000000,0.155000,0,1.000000
