timestamp,frame_index,angle,angle_timestamp,frame_file,emg_file,valid
1783247221.7975,0,10,,frame_000000.jpg,emg_000000.npy,0
1783247221.9563,1,10,,frame_000001.jpg,emg_000001.npy,0
1783247221.9658,2,10,,frame_000002.jpg,emg_000002.npy,0
1783247221.9884,3,10,,frame_000003.jpg,emg_000003.npy,0
1783247222.0369,4,10,,frame_000004.jpg,emg_000004.npy,0
1783247222.0691,5,10,,frame_000005.jpg,emg_000005.npy,0
1783247222.1009,6,10,,frame_000006.jpg,emg_000006.npy,0
1783247222.133,7,10,,frame_000007.jpg,emg_000007.npy,0
1783247222.1652,8,10,,frame_000008.jpg,emg_000008.npy,0
1783247222.197,9,10,,frame_000009.jpg,emg_000009.npy,0
1783247222.2292,10,10,,frame_000010.jpg,emg_000010.npy,0
1783247222.2617,11,10,,frame_000011.jpg,emg_000011.npy,0
1783247222.2929,12,10,,frame_000012.jpg,emg_000012.npy,0
1783247222.3254,13,10,,frame_000013.jpg,emg_000013.npy,0
1783247222.357,14,10,,frame_000014.jpg,emg_000014.npy,0
1783247222.3891,15,10,,frame_000015.jpg,emg_000015.npy,0
1783247222.4373,16,10,,frame_000016.jpg,emg_000016.npy,0
1783247222.4689,17,10,,frame_000017.jpg,emg_000017.npy,0
1783247222.5011,18,10,,frame_000018.jpg,emg_000018.npy,0
1783247222.5332,19,10,,frame_000019.jpg,emg_000019.npy,0
1783247222.5648,20,10,,frame_000020.jpg,emg_000020.npy,0
1783247222.5969,21,10,,frame_000021.jpg,emg_000021.npy,0
1783247222.6291,22,10,,frame_000022.jpg,emg_000022.npy,0
1783247222.6609,23,10,,frame_000023.jpg,emg_000023.npy,0
1783247222.6934,24,10,,frame_000024.jpg,emg_000024.npy,0
1783247222.7252,25,10,,frame_000025.jpg,emg_000025.npy,0
1783247222.7568,26,10,,frame_000026.jpg,emg_000026.npy,0
1783247222.7885,27,10,,frame_000027.jpg,emg_000027.npy,0
1783247222.8372,28,10,,frame_000028.jpg,emg_000028.npy,0
1783247222.8687,29,10,,frame_000029.jpg,emg_000029.npy,0
1783247222.9013,30,10,,frame_000030.jpg,emg_000030.npy,0
1783247222.933,31,10,,frame_000031.jpg,emg_000031.npy,0
1783247222.9646,32,10,,frame_000032.jpg,emg_000032.npy,0
1783247222.9967,33,10,,frame_000033.jpg,emg_000033.npy,0
1783247223.0283,34,10,,frame_000034.jpg,emg_000034.npy,0
1783247223.0604,35,10,,frame_000035.jpg,emg_000035.npy,0
1783247223.0925,36,10,,frame_000036.jpg,emg_000036.npy,0
1783247223.1251,37,10,,frame_000037.jpg,emg_000037.npy,0
1783247223.1568,38,10,,frame_000038.jpg,emg_000038.npy,0
1783247223.1889,39,10,,frame_000039.jpg,emg_000039.npy,0
1783247223.2365,40,10,,frame_000040.jpg,emg_000040.npy,0
1783247223.269,41,10,,frame_000041.jpg,emg_000041.npy,0
1783247223.3006,42,10,,frame_000042.jpg,emg_000042.npy,0
1783247223.3332,43,10,,frame_000043.jpg,emg_000043.npy,0
1783247223.3648,44,10,,frame_000044.jpg,emg_000044.npy,0
1783247223.397,45,10,,frame_000045.jpg,emg_000045.npy,0
1783247223.4286,46,10,,frame_000046.jpg,emg_000046.npy,0
1783247223.4617,47,10,,frame_000047.jpg,emg_000047.npy,0
1783247223.4929,48,10,,frame_000048.jpg,emg_000048.npy,0
1783247223.5255,49,10,,frame_000049.jpg,emg_000049.npy,0
1783247223.557,50,10,,frame_000050.jpg,emg_000050.npy,0
1783247223.5891,51,10,,frame_000051.jpg,emg_000051.npy,0
1783247223.6364,52,10,,frame_000052.jpg,emg_000052.npy,0
1783247223.6689,53,10,,frame_000053.jpg,emg_000053.npy,0
1783247223.7018,54,10,,frame_000054.jpg,emg_000054.npy,0
1783247223.7334,55,10,,frame_000055.jpg,emg_000055.npy,0
1783247223.7651,56,10,,frame_000056.jpg,emg_000056.npy,0
1783247223.7972,57,10,,frame_000057.jpg,emg_000057.npy,0
1783247223.8289,58,10,,frame_000058.jpg,emg_000058.npy,0
1783247223.861,59,10,,frame_000059.jpg,emg_000059.npy,0
1783247223.8931,60,10,,frame_000060.jpg,emg_000060.npy,0
1783247223.9247,61,10,,frame_000061.jpg,emg_000061.npy,0
1783247223.9574,62,10,,frame_000062.jpg,emg_000062.npy,0
1783247223.9884,63,10,,frame_000063.jpg,emg_000063.npy,0
1783247224.0371,64,10,,frame_000064.jpg,emg_000064.npy,0
1783247224.0688,65,10,,frame_000065.jpg,emg_000065.npy,0
1783247224.1005,66,10,,frame_000066.jpg,emg_000066.npy,0
1783247224.1331,67,10,,frame_000067.jpg,emg_000067.npy,0
1783247224.1647,68,10,,frame_000068.jpg,emg_000068.npy,0
1783247224.197,69,10,,frame_000069.jpg,emg_000069.npy,0
1783247224.2286,70,10,,frame_000070.jpg,emg_000070.npy,0
1783247224.2607,71,10,,frame_000071.jpg,emg_000071.npy,0
1783247224.293,72,10,,frame_000072.jpg,emg_000072.npy,0
1783247224.3246,73,10,,frame_000073.jpg,emg_000073.npy,0
1783247224.3572,74,10,,frame_000074.jpg,emg_000074.npy,0
1783247224.3883,75,10,,frame_000075.jpg,emg_000075.npy,0
1783247224.437,76,10,,frame_000076.jpg,emg_000076.npy,0
1783247224.4686,77,10,,frame_000077.jpg,emg_000077.npy,0
1783247224.5003,78,10,,frame_000078.jpg,emg_000078.npy,0
1783247224.5329,79,10,,frame_000079.jpg,emg_000079.npy,0
1783247224.5656,80,10,,frame_000080.jpg,emg_000080.npy,0
1783247224.5967,81,10,,frame_000081.jpg,emg_000081.npy,0
1783247224.6292,82,10,,frame_000082.jpg,emg_000082.npy,0
1783247224.6614,83,10,,frame_000083.jpg,emg_000083.npy,0
1783247224.6925,84,10,,frame_000084.jpg,emg_000084.npy,0
1783247224.7251,85,10,,frame_000085.jpg,emg_000085.npy,0
1783247224.7568,86,10,,frame_000086.jpg,emg_000086.npy,0
1783247224.7889,87,10,,frame_000087.jpg,emg_000087.npy,0
1783247224.8366,88,10,,frame_000088.jpg,emg_000088.npy,0
1783247224.8691,89,10,,frame_000089.jpg,emg_000089.npy,0
1783247224.9008,90,10,,frame_000090.jpg,emg_000090.npy,0
1783247224.9334,91,10,,frame_000091.jpg,emg_000091.npy,0
1783247224.965,92,10,,frame_000092.jpg,emg_000092.npy,0
1783247224.9972,93,10,,frame_000093.jpg,emg_000093.npy,0
1783247225.0288,94,10,,frame_000094.jpg,emg_000094.npy,0
1783247225.0605,95,10,,frame_000095.jpg,emg_000095.npy,0
1783247225.0936,96,10,,frame_000096.jpg,emg_000096.npy,0
1783247225.1251,97,10,,frame_000097.jpg,emg_000097.npy,0
1783247225.1567,98,10,,frame_000098.jpg,emg_000098.npy,0
1783247225.1888,99,10,,frame_000099.jpg,emg_000099.npy,0
1783247225.2369,100,10,,frame_000100.jpg,emg_000100.npy,0
1783247225.2686,101,10,,frame_000101.jpg,emg_000101.npy,0
1783247225.3012,102,10,,frame_000102.jpg,emg_000102.npy,0
1783247225.3328,103,10,,frame_000103.jpg,emg_000103.npy,0
1783247225.3649,104,10,,frame_000104.jpg,emg_000104.npy,0
1783247225.397,105,10,,frame_000105.jpg,emg_000105.npy,0
1783247225.4285,106,10,,frame_000106.jpg,emg_000106.npy,0
1783247225.4606,107,10,,frame_000107.jpg,emg_000107.npy,0
1783247225.4928,108,10,,frame_000108.jpg,emg_000108.npy,0
1783247225.5254,109,10,,frame_000109.jpg,emg_000109.npy,0
1783247225.557,110,10,,frame_000110.jpg,emg_000110.npy,0
1783247225.5898,111,10,,frame_000111.jpg,emg_000111.npy,0
1783247225.6364,112,10,,frame_000112.jpg,emg_000112.npy,0
1783247225.669,113,10,,frame_000113.jpg,emg_000113.npy,0
1783247225.7013,114,10,,frame_000114.jpg,emg_000114.npy,0
1783247225.7335,115,10,,frame_000115.jpg,emg_000115.npy,0
1783247225.7651,116,10,,frame_000116.jpg,emg_000116.npy,0
1783247225.7973,117,10,,frame_000117.jpg,emg_000117.npy,0
1783247225.8299,118,10,,frame_000118.jpg,emg_000118.npy,0
1783247225.8719,119,10,,frame_000119.jpg,emg_000119.npy,0
1783247225.8931,120,10,,frame_000120.jpg,emg_000120.npy,0
1783247225.9257,121,10,,frame_000121.jpg,emg_000121.npy,0
1783247225.9579,122,10,,frame_000122.jpg,emg_000122.npy,0
1783247225.989,123,10,,frame_000123.jpg,emg_000123.npy,0
1783247226.0371,124,10,,frame_000124.jpg,emg_000124.npy,0
1783247226.0688,125,10,,frame_000125.jpg,emg_000125.npy,0
1783247226.1013,126,10,,frame_000126.jpg,emg_000126.npy,0
1783247226.1333,127,10,,frame_000127.jpg,emg_000127.npy,0
1783247226.165,128,10,,frame_000128.jpg,emg_000128.npy,0
1783247226.1971,129,10,,frame_000129.jpg,emg_000129.npy,0
1783247226.2298,130,10,,frame_000130.jpg,emg_000130.npy,0
1783247226.262,131,10,,frame_000131.jpg,emg_000131.npy,0
1783247226.293,132,10,,frame_000132.jpg,emg_000132.npy,0
1783247226.3256,133,10,,frame_000133.jpg,emg_000133.npy,0
1783247226.3572,134,10,,frame_000134.jpg,emg_000134.npy,0
1783247226.3898,135,10,,frame_000135.jpg,emg_000135.npy,0
1783247226.437,136,10,,frame_000136.jpg,emg_000136.npy,0
1783247226.4686,137,10,,frame_000137.jpg,emg_000137.npy,0
1783247226.5012,138,10,,frame_000138.jpg,emg_000138.npy,0
1783247226.5328,139,10,,frame_000139.jpg,emg_000139.npy,0
1783247226.5654,140,10,,frame_000140.jpg,emg_000140.npy,0
1783247226.5966,141,10,,frame_000141.jpg,emg_000141.npy,0
1783247226.6291,142,10,,frame_000142.jpg,emg_000142.npy,0
1783247226.6613,143,10,,frame_000143.jpg,emg_000143.npy,0
1783247226.6924,144,10,,frame_000144.jpg,emg_000144.npy,0
1783247226.7256,145,10,,frame_000145.jpg,emg_000145.npy,0
1783247226.7571,146,10,,frame_000146.jpg,emg_000146.npy,0
1783247226.7892,147,10,,frame_000147.jpg,emg_000147.npy,0
1783247226.8367,148,10,,frame_000148.jpg,emg_000148.npy,0
1783247226.8682,149,10,,frame_000149.jpg,emg_000149.npy,0
1783247226.9018,150,10,,frame_000150.jpg,emg_000150.npy,0
1783247226.9333,151,10,,frame_000151.jpg,emg_000151.npy,0
1783247226.9649,152,10,,frame_000152.jpg,emg_000152.npy,0
1783247226.9969,153,10,,frame_000153.jpg,emg_000153.npy,0
1783247227.0284,154,10,,frame_000154.jpg,emg_000154.npy,0
1783247227.0615,155,10,,frame_000155.jpg,emg_000155.npy,0
1783247227.0936,156,10,,frame_000156.jpg,emg_000156.npy,0
1783247227.1252,157,10,,frame_000157.jpg,emg_000157.npy,0
1783247227.1578,158,10,,frame_000158.jpg,emg_000158.npy,0
1783247227.1889,159,10,,frame_000159.jpg,emg_000159.npy,0
1783247227.2375,160,10,,frame_000160.jpg,emg_000160.npy,0
1783247227.2701,161,10,,frame_000161.jpg,emg_000161.npy,0
1783247227.3017,162,10,,frame_000162.jpg,emg_000162.npy,0
1783247227.3333,163,10,,frame_000163.jpg,emg_000163.npy,0
1783247227.365,164,10,,frame_000164.jpg,emg_000164.npy,0
1783247227.3972,165,10,,frame_000165.jpg,emg_000165.npy,0
1783247227.4303,166,10,,frame_000166.jpg,emg_000166.npy,0
1783247227.4609,167,10,,frame_000167.jpg,emg_000167.npy,0
1783247227.4938,168,10,,frame_000168.jpg,emg_000168.npy,0
1783247227.5253,169,10,,frame_000169.jpg,emg_000169.npy,0
1783247227.557,170,10,,frame_000170.jpg,emg_000170.npy,0
1783247227.589,171,10,,frame_000171.jpg,emg_000171.npy,0
1783247227.6378,172,10,,frame_000172.jpg,emg_000172.npy,0
1783247227.6684,173,10,,frame_000173.jpg,emg_000173.npy,0
1783247227.7007,174,10,,frame_000174.jpg,emg_000174.npy,0
1783247227.7333,175,10,,frame_000175.jpg,emg_000175.npy,0
1783247227.7659,176,10,,frame_000176.jpg,emg_000176.npy,0
1783247227.797,177,10,,frame_000177.jpg,emg_000177.npy,0
1783247227.8284,178,10,,frame_000178.jpg,emg_000178.npy,0
1783247227.8615,179,10,,frame_000179.jpg,emg_000179.npy,0
1783247227.8925,180,10,,frame_000180.jpg,emg_000180.npy,0
1783247227.925,181,10,,frame_000181.jpg,emg_000181.npy,0
1783247227.9566,182,10,,frame_000182.jpg,emg_000182.npy,0
1783247227.9886,183,10,,frame_000183.jpg,emg_000183.npy,0
1783247228.0372,184,10,,frame_000184.jpg,emg_000184.npy,0
1783247228.0698,185,10,,frame_000185.jpg,emg_000185.npy,0
1783247228.1015,186,10,,frame_000186.jpg,emg_000186.npy,0
1783247228.1332,187,10,,frame_000187.jpg,emg_000187.npy,0
1783247228.1657,188,10,,frame_000188.jpg,emg_000188.npy,0
1783247228.1968,189,10,,frame_000189.jpg,emg_000189.npy,0
1783247228.23,190,10,,frame_000190.jpg,emg_000190.npy,0
1783247228.2616,191,10,,frame_000191.jpg,emg_000191.npy,0
1783247228.2932,192,10,,frame_000192.jpg,emg_000192.npy,0
1783247228.3257,193,10,,frame_000193.jpg,emg_000193.npy,0
1783247228.3574,194,10,,frame_000194.jpg,emg_000194.npy,0
1783247228.3885,195,10,,frame_000195.jpg,emg_000195.npy,0
1783247228.4372,196,10,,frame_000196.jpg,emg_000196.npy,0
1783247228.4687,197,10,,frame_000197.jpg,emg_000197.npy,0
1783247228.5012,198,10,,frame_000198.jpg,emg_000198.npy,0
1783247228.5327,199,10,,frame_000199.jpg,emg_000199.npy,0
1783247228.565,200,10,,frame_000200.jpg,emg_000200.npy,0
1783247228.5972,201,10,,frame_000201.jpg,emg_000201.npy,0
1783247228.6288,202,10,,frame_000202.jpg,emg_000202.npy,0
1783247228.6619,203,10,,frame_000203.jpg,emg_000203.npy,0
1783247228.694,204,10,,frame_000204.jpg,emg_000204.npy,0
1783247228.725,205,10,,frame_000205.jpg,emg_000205.npy,0
1783247228.7571,206,10,,frame_000206.jpg,emg_000206.npy,0
1783247228.7892,207,10,,frame_000207.jpg,emg_000207.npy,0
1783247228.8379,208,10,,frame_000208.jpg,emg_000208.npy,0
1783247228.8685,209,10,,frame_000209.jpg,emg_000209.npy,0
1783247228.9011,210,10,,frame_000210.jpg,emg_000210.npy,0
1783247228.9337,211,10,,frame_000211.jpg,emg_000211.npy,0
1783247228.9653,212,10,,frame_000212.jpg,emg_000212.npy,0
1783247228.9976,213,10,,frame_000213.jpg,emg_000213.npy,0
1783247229.0291,214,10,,frame_000214.jpg,emg_000214.npy,0
1783247229.0612,215,10,,frame_000215.jpg,emg_000215.npy,0
1783247229.0935,216,10,,frame_000216.jpg,emg_000216.npy,0
1783247229.1259,217,10,,frame_000217.jpg,emg_000217.npy,0
1783247229.1574,218,10,,frame_000218.jpg,emg_000218.npy,0
1783247229.1886,219,10,,frame_000219.jpg,emg_000219.npy,0
1783247229.2371,220,10,,frame_000220.jpg,emg_000220.npy,0
1783247229.2687,221,10,,frame_000221.jpg,emg_000221.npy,0
1783247229.3013,222,10,,frame_000222.jpg,emg_000222.npy,0
1783247229.333,223,10,,frame_000223.jpg,emg_000223.npy,0
1783247229.3655,224,10,,frame_000224.jpg,emg_000224.npy,0
1783247229.3977,225,10,,frame_000225.jpg,emg_000225.npy,0
1783247229.4283,226,10,,frame_000226.jpg,emg_000226.npy,0
1783247229.4614,227,10,,frame_000227.jpg,emg_000227.npy,0
1783247229.4926,228,10,,frame_000228.jpg,emg_000228.npy,0
1783247229.5252,229,10,,frame_000229.jpg,emg_000229.npy,0
1783247229.5569,230,10,,frame_000230.jpg,emg_000230.npy,0
1783247229.589,231,10,,frame_000231.jpg,emg_000231.npy,0
1783247229.6377,232,10,,frame_000232.jpg,emg_000232.npy,0
1783247229.6683,233,10,,frame_000233.jpg,emg_000233.npy,0
1783247229.7008,234,10,,frame_000234.jpg,emg_000234.npy,0
1783247229.7334,235,10,,frame_000235.jpg,emg_000235.npy,0
1783247229.7659,236,10,,frame_000236.jpg,emg_000236.npy,0
1783247229.7969,237,10,,frame_000237.jpg,emg_000237.npy,0
1783247229.8285,238,10,,frame_000238.jpg,emg_000238.npy,0
1783247229.8612,239,10,,frame_000239.jpg,emg_000239.npy,0
1783247229.8933,240,10,,frame_000240.jpg,emg_000240.npy,0
1783247229.9249,241,10,,frame_000241.jpg,emg_000241.npy,0
1783247229.9565,242,10,,frame_000242.jpg,emg_000242.npy,0
1783247229.9886,243,10,,frame_000243.jpg,emg_000243.npy,0
1783247230.0363,244,10,,frame_000244.jpg,emg_000244.npy,0
1783247230.0699,245,10,,frame_000245.jpg,emg_000245.npy,0
1783247230.1005,246,10,,frame_000246.jpg,emg_000246.npy,0
1783247230.1332,247,10,,frame_000247.jpg,emg_000247.npy,0
1783247230.1647,248,10,,frame_000248.jpg,emg_000248.npy,0
1783247230.1968,249,10,,frame_000249.jpg,emg_000249.npy,0
1783247230.2283,250,10,,frame_000250.jpg,emg_000250.npy,0
1783247230.2614,251,10,,frame_000251.jpg,emg_000251.npy,0
1783247230.2936,252,10,,frame_000252.jpg,emg_000252.npy,0
1783247230.3251,253,10,,frame_000253.jpg,emg_000253.npy,0
1783247230.3567,254,10,,frame_000254.jpg,emg_000254.npy,0
1783247230.3888,255,10,,frame_000255.jpg,emg_000255.npy,0
1783247230.4364,256,10,,frame_000256.jpg,emg_000256.npy,0
1783247230.469,257,10,,frame_000257.jpg,emg_000257.npy,0
1783247230.5006,258,10,,frame_000258.jpg,emg_000258.npy,0
1783247230.5332,259,10,,frame_000259.jpg,emg_000259.npy,0
1783247230.5648,260,10,,frame_000260.jpg,emg_000260.npy,0
1783247230.5971,261,10,,frame_000261.jpg,emg_000261.npy,0
1783247230.6288,262,10,,frame_000262.jpg,emg_000262.npy,0
1783247230.661,263,10,,frame_000263.jpg,emg_000263.npy,0
1783247230.6931,264,10,,frame_000264.jpg,emg_000264.npy,0
1783247230.7247,265,10,,frame_000265.jpg,emg_000265.npy,0
1783247230.7573,266,10,,frame_000266.jpg,emg_000266.npy,0
1783247230.7884,267,10,,frame_000267.jpg,emg_000267.npy,0
1783247230.8371,268,10,,frame_000268.jpg,emg_000268.npy,0
1783247230.8687,269,10,,frame_000269.jpg,emg_000269.npy,0
1783247230.9012,270,10,,frame_000270.jpg,emg_000270.npy,0
1783247230.9329,271,10,,frame_000271.jpg,emg_000271.npy,0
1783247230.9655,272,10,,frame_000272.jpg,emg_000272.npy,0
1783247230.9966,273,10,,frame_000273.jpg,emg_000273.npy,0
1783247231.0291,274,10,,frame_000274.jpg,emg_000274.npy,0
1783247231.0612,275,10,,frame_000275.jpg,emg_000275.npy,0
1783247231.0933,276,10,,frame_000276.jpg,emg_000276.npy,0
1783247231.1245,277,10,,frame_000277.jpg,emg_000277.npy,0
1783247231.1571,278,10,,frame_000278.jpg,emg_000278.npy,0
1783247231.1891,279,10,,frame_000279.jpg,emg_000279.npy,0
1783247231.2369,280,10,,frame_000280.jpg,emg_000280.npy,0
1783247231.2685,281,10,,frame_000281.jpg,emg_000281.npy,0
1783247231.3011,282,10,,frame_000282.jpg,emg_000282.npy,0
1783247231.3387,283,10,,frame_000283.jpg,emg_000283.npy,0
1783247231.3662,284,10,,frame_000284.jpg,emg_000284.npy,0
1783247231.3983,285,10,,frame_000285.jpg,emg_000285.npy,0
1783247231.4289,286,10,,frame_000286.jpg,emg_000286.npy,0
1783247231.4619,287,10,,frame_000287.jpg,emg_000287.npy,0
1783247231.4951,288,10,,frame_000288.jpg,emg_000288.npy,0
1783247231.5257,289,10,,frame_000289.jpg,emg_000289.npy,0
1783247231.5582,290,10,,frame_000290.jpg,emg_000290.npy,0
1783247231.589,291,10,,frame_000291.jpg,emg_000291.npy,0
1783247231.6401,292,10,,frame_000292.jpg,emg_000292.npy,0
1783247231.6702,293,10,,frame_000293.jpg,emg_000293.npy,0
1783247231.7049,294,10,,frame_000294.jpg,emg_000294.npy,0
1783247231.7345,295,10,,frame_000295.jpg,emg_000295.npy,0
1783247231.7661,296,10,,frame_000296.jpg,emg_000296.npy,0
1783247231.7972,297,10,,frame_000297.jpg,emg_000297.npy,0
1783247231.8289,298,10,,frame_000298.jpg,emg_000298.npy,0
1783247231.862,299,10,,frame_000299.jpg,emg_000299.npy,0
1783247231.8933,300,10,,frame_000300.jpg,emg_000300.npy,0
1783247231.9259,301,10,,frame_000301.jpg,emg_000301.npy,0
1783247231.9585,302,10,,frame_000302.jpg,emg_000302.npy,0
1783247231.9901,303,10,,frame_000303.jpg,emg_000303.npy,0
1783247232.0374,304,10,,frame_000304.jpg,emg_000304.npy,0
1783247232.0705,305,10,,frame_000305.jpg,emg_000305.npy,0
1783247232.1026,306,10,,frame_000306.jpg,emg_000306.npy,0
1783247232.1343,307,10,,frame_000307.jpg,emg_000307.npy,0
1783247232.1658,308,10,,frame_000308.jpg,emg_000308.npy,0
1783247232.1971,309,10,,frame_000309.jpg,emg_000309.npy,0
1783247232.2302,310,10,,frame_000310.jpg,emg_000310.npy,0
1783247232.2608,311,10,,frame_000311.jpg,emg_000311.npy,0
1783247232.2937,312,10,,frame_000312.jpg,emg_000312.npy,0
1783247232.3263,313,10,,frame_000313.jpg,emg_000313.npy,0
1783247232.3581,314,10,,frame_000314.jpg,emg_000314.npy,0
1783247232.3899,315,10,,frame_000315.jpg,emg_000315.npy,0
1783247232.437,316,10,,frame_000316.jpg,emg_000316.npy,0
1783247232.4697,317,10,,frame_000317.jpg,emg_000317.npy,0
1783247232.5025,318,10,,frame_000318.jpg,emg_000318.npy,0
1783247232.534,319,10,,frame_000319.jpg,emg_000319.npy,0
1783247232.5656,320,10,,frame_000320.jpg,emg_000320.npy,0
1783247232.5978,321,10,,frame_000321.jpg,emg_000321.npy,0
1783247232.6284,322,10,,frame_000322.jpg,emg_000322.npy,0
1783247232.6626,323,10,,frame_000323.jpg,emg_000323.npy,0
1783247232.6928,324,10,,frame_000324.jpg,emg_000324.npy,0
1783247232.7284,325,10,,frame_000325.jpg,emg_000325.npy,0
1783247232.757,326,10,,frame_000326.jpg,emg_000326.npy,0
1783247232.7891,327,10,,frame_000327.jpg,emg_000327.npy,0
1783247232.8424,328,10,,frame_000328.jpg,emg_000328.npy,0
1783247232.87,329,10,,frame_000329.jpg,emg_000329.npy,0
1783247232.9011,330,10,,frame_000330.jpg,emg_000330.npy,0
1783247232.9347,331,10,,frame_000331.jpg,emg_000331.npy,0
1783247232.9653,332,10,,frame_000332.jpg,emg_000332.npy,0
1783247232.9975,333,10,,frame_000333.jpg,emg_000333.npy,0
1783247233.0291,334,10,,frame_000334.jpg,emg_000334.npy,0
1783247233.0612,335,10,,frame_000335.jpg,emg_000335.npy,0
1783247233.0933,336,10,,frame_000336.jpg,emg_000336.npy,0
1783247233.125,337,10,,frame_000337.jpg,emg_000337.npy,0
1783247233.16,338,10,,frame_000338.jpg,emg_000338.npy,0
1783247233.1912,339,10,,frame_000339.jpg,emg_000339.npy,0
1783247233.2384,340,10,,frame_000340.jpg,emg_000340.npy,0
1783247233.27,341,10,,frame_000341.jpg,emg_000341.npy,0
1783247233.3016,342,10,,frame_000342.jpg,emg_000342.npy,0
1783247233.3342,343,10,,frame_000343.jpg,emg_000343.npy,0
1783247233.3657,344,10,,frame_000344.jpg,emg_000344.npy,0
1783247233.4022,345,10,,frame_000345.jpg,emg_000345.npy,0
1783247233.4298,346,10,,frame_000346.jpg,emg_000346.npy,0
1783247233.4624,347,10,,frame_000347.jpg,emg_000347.npy,0
1783247233.4946,348,10,,frame_000348.jpg,emg_000348.npy,0
1783247233.5251,349,10,,frame_000349.jpg,emg_000349.npy,0
1783247233.5578,350,10,,frame_000350.jpg,emg_000350.npy,0
1783247233.5905,351,10,,frame_000351.jpg,emg_000351.npy,0
1783247233.6378,352,10,,frame_000352.jpg,emg_000352.npy,0
1783247233.6699,353,10,,frame_000353.jpg,emg_000353.npy,0
1783247233.703,354,10,,frame_000354.jpg,emg_000354.npy,0
1783247233.7346,355,10,,frame_000355.jpg,emg_000355.npy,0
1783247233.7662,356,10,,frame_000356.jpg,emg_000356.npy,0
1783247233.8356,357,10,,frame_000357.jpg,emg_000357.npy,0
1783247233.8633,358,10,,frame_000358.jpg,emg_000358.npy,0
1783247233.91,359,10,,frame_000359.jpg,emg_000359.npy,0
1783247233.9346,360,10,,frame_000360.jpg,emg_000360.npy,0
1783247233.9622,361,10,,frame_000361.jpg,emg_000361.npy,0
1783247233.9897,362,10,,frame_000362.jpg,emg_000362.npy,0
1783247234.044,363,10,,frame_000363.jpg,emg_000363.npy,0
1783247234.07,364,10,,frame_000364.jpg,emg_000364.npy,0
1783247234.1057,365,10,,frame_000365.jpg,emg_000365.npy,0
1783247234.1382,366,10,,frame_000366.jpg,emg_000366.npy,0
1783247234.1834,367,10,,frame_000367.jpg,emg_000367.npy,0
1783247234.2118,368,10,,frame_000368.jpg,emg_000368.npy,0
1783247234.2549,369,10,,frame_000369.jpg,emg_000369.npy,0
1783247234.2906,370,10,,frame_000370.jpg,emg_000370.npy,0
1783247234.3126,371,10,,frame_000371.jpg,emg_000371.npy,0
1783247234.3367,372,10,,frame_000372.jpg,emg_000372.npy,0
1783247234.3653,373,10,,frame_000373.jpg,emg_000373.npy,0
1783247234.3936,374,10,,frame_000374.jpg,emg_000374.npy,0
1783247234.4432,375,10,,frame_000375.jpg,emg_000375.npy,0
1783247234.4759,376,10,,frame_000376.jpg,emg_000376.npy,0
1783247234.5071,377,10,,frame_000377.jpg,emg_000377.npy,0
1783247234.5403,378,10,,frame_000378.jpg,emg_000378.npy,0
1783247234.5719,379,10,,frame_000379.jpg,emg_000379.npy,0
1783247234.6072,380,10,,frame_000380.jpg,emg_000380.npy,0
1783247234.6298,381,10,,frame_000381.jpg,emg_000381.npy,0
1783247234.6614,382,10,,frame_000382.jpg,emg_000382.npy,0
1783247234.6935,383,10,,frame_000383.jpg,emg_000383.npy,0
1783247234.725,384,10,,frame_000384.jpg,emg_000384.npy,0
1783247234.7577,385,10,,frame_000385.jpg,emg_000385.npy,0
1783247234.7903,386,10,,frame_000386.jpg,emg_000386.npy,0
1783247234.8384,387,10,,frame_000387.jpg,emg_000387.npy,0
1783247234.8691,388,10,,frame_000388.jpg,emg_000388.npy,0
1783247234.9008,389,10,,frame_000389.jpg,emg_000389.npy,0
1783247234.9354,390,10,,frame_000390.jpg,emg_000390.npy,0
1783247234.9662,391,10,,frame_000391.jpg,emg_000391.npy,0
1783247234.9973,392,10,,frame_000392.jpg,emg_000392.npy,0
1783247235.0306,393,10,,frame_000393.jpg,emg_000393.npy,0
1783247235.0612,394,10,,frame_000394.jpg,emg_000394.npy,0
1783247235.0934,395,10,,frame_000395.jpg,emg_000395.npy,0
1783247235.1261,396,10,,frame_000396.jpg,emg_000396.npy,0
1783247235.1568,397,10,,frame_000397.jpg,emg_000397.npy,0
1783247235.1905,398,10,,frame_000398.jpg,emg_000398.npy,0
1783247235.2398,399,10,,frame_000399.jpg,emg_000399.npy,0
1783247235.27,400,10,,frame_000400.jpg,emg_000400.npy,0
1783247235.3008,401,10,,frame_000401.jpg,emg_000401.npy,0
1783247235.3334,402,10,,frame_000402.jpg,emg_000402.npy,0
1783247235.3651,403,10,,frame_000403.jpg,emg_000403.npy,0
1783247235.3981,404,10,,frame_000404.jpg,emg_000404.npy,0
1783247235.4297,405,10,,frame_000405.jpg,emg_000405.npy,0
1783247235.4609,406,10,,frame_000406.jpg,emg_000406.npy,0
1783247235.4931,407,10,,frame_000407.jpg,emg_000407.npy,0
1783247235.5256,408,10,,frame_000408.jpg,emg_000408.npy,0
1783247235.5572,409,10,,frame_000409.jpg,emg_000409.npy,0
1783247235.5908,410,10,,frame_000410.jpg,emg_000410.npy,0
1783247235.6389,411,10,,frame_000411.jpg,emg_000411.npy,0
1783247235.6712,412,10,,frame_000412.jpg,emg_000412.npy,0
1783247235.7044,413,10,,frame_000413.jpg,emg_000413.npy,0
1783247235.733,414,10,,frame_000414.jpg,emg_000414.npy,0
1783247235.7655,415,10,,frame_000415.jpg,emg_000415.npy,0
1783247235.7977,416,10,,frame_000416.jpg,emg_000416.npy,0
1783247235.8284,417,10,,frame_000417.jpg,emg_000417.npy,0
1783247235.8625,418,10,,frame_000418.jpg,emg_000418.npy,0
1783247235.8956,419,10,,frame_000419.jpg,emg_000419.npy,0
1783247235.9253,420,10,,frame_000420.jpg,emg_000420.npy,0
1783247235.959,421,10,,frame_000421.jpg,emg_000421.npy,0
1783247235.989,422,10,,frame_000422.jpg,emg_000422.npy,0
1783247236.0377,423,10,,frame_000423.jpg,emg_000423.npy,0
1783247236.0719,424,10,,frame_000424.jpg,emg_000424.npy,0
1783247236.102,425,10,,frame_000425.jpg,emg_000425.npy,0
1783247236.1345,426,10,,frame_000426.jpg,emg_000426.npy,0
1783247236.1651,427,10,,frame_000427.jpg,emg_000427.npy,0
1783247236.1972,428,10,,frame_000428.jpg,emg_000428.npy,0
1783247236.2305,429,10,,frame_000429.jpg,emg_000429.npy,0
1783247236.2611,430,10,,frame_000430.jpg,emg_000430.npy,0
1783247236.2942,431,10,,frame_000431.jpg,emg_000431.npy,0
1783247236.327,432,10,,frame_000432.jpg,emg_000432.npy,0
1783247236.3584,433,10,,frame_000433.jpg,emg_000433.npy,0
1783247236.3921,434,10,,frame_000434.jpg,emg_000434.npy,0
1783247236.4381,435,10,,frame_000435.jpg,emg_000435.npy,0
1783247236.4698,436,10,,frame_000436.jpg,emg_000436.npy,0
1783247236.5015,437,10,,frame_000437.jpg,emg_000437.npy,0
1783247236.5341,438,10,,frame_000438.jpg,emg_000438.npy,0
1783247236.5656,439,10,,frame_000439.jpg,emg_000439.npy,0
1783247236.5978,440,10,,frame_000440.jpg,emg_000440.npy,0
1783247236.6283,441,10,,frame_000441.jpg,emg_000441.npy,0
1783247236.6605,442,10,,frame_000442.jpg,emg_000442.npy,0
1783247236.6936,443,10,,frame_000443.jpg,emg_000443.npy,0
1783247236.7252,444,10,,frame_000444.jpg,emg_000444.npy,0
1783247236.7568,445,10,,frame_000445.jpg,emg_000445.npy,0
1783247236.7889,446,10,,frame_000446.jpg,emg_000446.npy,0
1783247236.8366,447,10,,frame_000447.jpg,emg_000447.npy,0
1783247236.8691,448,10,,frame_000448.jpg,emg_000448.npy,0
1783247236.9008,449,10,,frame_000449.jpg,emg_000449.npy,0
1783247236.9324,450,10,,frame_000450.jpg,emg_000450.npy,0
1783247236.965,451,10,,frame_000451.jpg,emg_000451.npy,0
1783247236.9971,452,10,,frame_000452.jpg,emg_000452.npy,0
1783247237.0287,453,10,,frame_000453.jpg,emg_000453.npy,0
1783247237.0608,454,10,,frame_000454.jpg,emg_000454.npy,0
1783247237.093,455,10,,frame_000455.jpg,emg_000455.npy,0
1783247237.1246,456,10,,frame_000456.jpg,emg_000456.npy,0
1783247237.1572,457,10,,frame_000457.jpg,emg_000457.npy,0
1783247237.1884,458,10,,frame_000458.jpg,emg_000458.npy,0
1783247237.2371,459,10,,frame_000459.jpg,emg_000459.npy,0
1783247237.2687,460,10,,frame_000460.jpg,emg_000460.npy,0
1783247237.3004,461,10,,frame_000461.jpg,emg_000461.npy,0
1783247237.333,462,10,,frame_000462.jpg,emg_000462.npy,0
1783247237.3646,463,10,,frame_000463.jpg,emg_000463.npy,0
1783247237.3967,464,10,,frame_000464.jpg,emg_000464.npy,0
1783247237.4282,465,10,,frame_000465.jpg,emg_000465.npy,0
1783247237.4613,466,10,,frame_000466.jpg,emg_000466.npy,0
1783247237.4923,467,10,,frame_000467.jpg,emg_000467.npy,0
1783247237.5248,468,10,,frame_000468.jpg,emg_000468.npy,0
1783247237.5574,469,10,,frame_000469.jpg,emg_000469.npy,0
1783247237.5885,470,10,,frame_000470.jpg,emg_000470.npy,0
1783247237.637,471,10,,frame_000471.jpg,emg_000471.npy,0
1783247237.6686,472,10,,frame_000472.jpg,emg_000472.npy,0
1783247237.7004,473,10,,frame_000473.jpg,emg_000473.npy,0
1783247237.733,474,10,,frame_000474.jpg,emg_000474.npy,0
1783247237.7646,475,10,,frame_000475.jpg,emg_000475.npy,0
1783247237.7967,476,10,,frame_000476.jpg,emg_000476.npy,0
1783247237.8539,477,10,,frame_000477.jpg,emg_000477.npy,0
1783247237.8604,478,10,,frame_000478.jpg,emg_000478.npy,0
1783247237.8925,479,10,,frame_000479.jpg,emg_000479.npy,0
1783247237.9251,480,10,,frame_000480.jpg,emg_000480.npy,0
1783247237.9568,481,10,,frame_000481.jpg,emg_000481.npy,0
1783247237.989,482,10,,frame_000482.jpg,emg_000482.npy,0
1783247238.0366,483,10,,frame_000483.jpg,emg_000483.npy,0
1783247238.0697,484,10,,frame_000484.jpg,emg_000484.npy,0
1783247238.1009,485,10,,frame_000485.jpg,emg_000485.npy,0
1783247238.1325,486,10,,frame_000486.jpg,emg_000486.npy,0
1783247238.1652,487,10,,frame_000487.jpg,emg_000487.npy,0
1783247238.1963,488,10,,frame_000488.jpg,emg_000488.npy,0
1783247238.2288,489,10,,frame_000489.jpg,emg_000489.npy,0
